,电影名,上映日期,票房(万元),平均票价,场均人数,豆瓣评分,豆瓣评论数,导演,演员,类型,地区,语言,时长
0,长津湖,2021-09-30,577534,46.383896,22,7.4,728206,"['陈凯歌', '徐克', '林超贤']","['吴京', '易烊千玺', '段奕宏', '朱亚文', '李晨', '韩东君', '胡军', '张涵予', '黄轩', '欧豪', '史彭元', '李岷城', '唐国强', '杨一威', '周小斌', '林永健', '王宁', '刘劲', '卢奇', '王伍福', '耿乐', '曹阳', '李军', '王同辉', '艾米', '石昊正', '许明虎']","['剧情', '历史', '战争']","['中国大陆', '中国香港']","['汉语普通话', '英语']",176
1,战狼2,2017-07-27,569454,35.594273,37,7.1,886552,['吴京'],"['吴京', '弗兰克·格里罗', '吴刚', '张翰', '卢靖姗', '丁海峰', '淳于珊珊', '余男', '于谦', '石兆琪', '海蒂·莫尼梅克', '奥列格·亚历山大罗维奇', '艾伦·托尼', '赛尔·哈里斯', '高明', '王森', '苇青', '程愫', '张永达', '郭秋成', '杜建桥', '周冠廷', '安·詹姆斯', '黛安娜·希拉', '孙率航', '张馨月', '关海龙', '安妮塔·斯图尔特', '特雷弗·琼斯', '奥斯汀·普里斯特', '克莱·方特诺特', '保罗·艾力卡', '丹尼尔·哈格里夫', '李镇男', '庄小龙', '陈云志', '肯尼迪']","['动作', '战争']",['中国大陆'],"['汉语普通话', '英语']",123
2,你好，李焕英,2021-02-12,541308,44.756912,24,7.7,1370579,['贾玲'],"['贾玲', '张小斐', '沈腾', '陈赫', '刘佳', '丁嘉丽', '王琳', '杜源', '何翯', '何欢', '韩云云', '包文婧', '葛珊珊', '史策', '黄小猫', '许君聪', '卜钰', '刘宏禄', '魏翔', '孙集斌', '张泰维', '郭宇鹏', '朱天福', '王宇', '冯巩', '乔杉', '王小利', '宋晓峰', '董若溪', '曹贺军', '赵婷婷', '姬晴', '郭祥鹏', '李一峰', '潘斌龙']","['剧情', '喜剧', '奇幻']",['中国大陆'],['汉语普通话'],128
3,哪吒之魔童降世,2019-07-26,503570,35.692467,23,8.4,1782062,['饺子'],"['吕艳婷', '囧森瑟夫', '瀚墨', '陈浩', '绿绮', '张珈铭', '杨卫']","['剧情', '喜剧', '动画', '奇幻']",['中国大陆'],['汉语普通话'],110
4,流浪地球,2019-02-05,468700,44.59756,29,8.2,997317,['郭帆'],"['吴京', '刘德华', '李雪健', '沙溢', '宁理', '王智', '朱颜曼滋', '安地', '王若熹 ', '佟丽娅', '伟大力', '张衣', '天使', '克拉拉', '叶展飞', '倪腾', '胡先煦', '霍青', '刘寅', '国义骞', '吴恩璇', '王红卫', '孔大山', '徐建', '刘佳沄', '丁燕来', '郜昂', '严华', '李仁', '洪真', '王磊', '王一通', '杨洪涛', '赵叶索', '李路琦', '黄纪渊', '郑楚一', '吴静一', '付嘉灏', '瓦伦廷·沃罗布耶夫', '李一冉', '周强', '朱超艺', '何金和龙', '何金和金', '张涛', '向进', '李沛东 ']","['科幻', '冒险', '灾难']",['中国大陆'],"['汉语普通话', '俄语', '英语', '印地语', '法语']",173
5,唐人街探案3,2021-02-12,452341,47.60313,29,5.3,1039241,['陈思诚'],"['王宝强', '刘昊然', '妻夫木聪', '托尼·贾', '长泽雅美', '染谷将太', '铃木保奈美', '浅野忠信', '三浦友和', '尚语贤', '肖央', '张子枫', '邱泽', '张钧甯', '马伯骞', '程潇', '陈哲远', '李明轩', '崔雨鑫', '张一白', '文咏珊', '张熙然', '克拉拉', '树林伸', '刘德华', '陈思诚', '平山日和', '奥田瑛二', '六平直政', '酒向芳', '秋山成勋', '桥本爱实', '长井短', '宇治清高', '张国强', '大鹏', '陈祉希', '林沐然', '田代良德']","['喜剧', '悬疑']","['中国大陆', '中国香港', '日本']","['汉语普通话', '日语', '英语', '泰语']",136
6,满江红,2023-01-22,442026,49.76317,29,7.2,813505,['张艺谋'],"['沈腾', '易烊千玺', '张译', '雷佳音', '岳云鹏', '王佳怡', '潘斌龙', '余皑磊', '郭京飞', '欧豪', '魏翔', '张弛', '黄炎', '许静雅', '蒋鹏宇', '林博洋', '飞凡', '任思诺', '陈永胜', '张壹男']","['剧情', '喜剧', '悬疑', '古装']",['中国大陆'],"['汉语普通话', '中国手语']",159
7,复仇者联盟4：终局之战,2019-04-24,425013,48.958096,23,8.5,1043782,"['安东尼·罗素', '乔·罗素']","['小罗伯特·唐尼', '克里斯·埃文斯', '马克·鲁弗洛', '克里斯·海姆斯沃斯', '乔什·布洛林', '保罗·路德', '凯伦·吉兰', '杰瑞米·雷纳', '斯嘉丽·约翰逊', '唐·钱德尔', '布丽·拉尔森', '布莱德利·库珀', '泰莎·汤普森', '汤姆·赫兰德', '伊丽莎白·奥尔森', '本尼迪克特·康伯巴奇', '蒂尔达·斯文顿', '格温妮斯·帕特洛', '蕾妮·罗素', '约翰·斯拉特里', '查德维克·博斯曼', '安东尼·麦凯', '塞巴斯蒂安·斯坦', '克里斯·帕拉特', '汤姆·希德勒斯顿', '佐伊·索尔达娜', '丹娜·奎里拉', '本尼迪克特·黄', '庞·克莱门捷夫', '戴夫·巴蒂斯塔', '利蒂希娅·赖特', '伊万杰琳·莉莉', '乔恩·费儒', '海莉·阿特维尔', '娜塔莉·波特曼', '玛丽莎·托梅', '塔伊加·维迪提', '安吉拉·贝塞特', '迈克尔·道格拉斯', '米歇尔·菲佛', '威廉·赫特', '寇碧·史莫德斯', '肖恩·古恩', '温斯顿·杜克', '琳达·卡德里尼', '马克斯米利亚诺·赫尔南德斯', '弗兰克·格里罗', '真田广之', '汤姆-沃恩-劳勒', '詹姆斯·达西', '雅各布·巴特朗', '范·迪塞尔', '罗伯特·雷德福', '塞缪尔·杰克逊', '伊薇特·尼科尔·布朗', '卡梅伦·布鲁姆布罗', '蒂莫西·卡尔', '凯瑞·康顿', '迈克尔·A·库克', '凯莉·库恩', '艾玛·福尔曼', '雷纳·加拉赫', '丹妮拉·加斯基', '郑肯', '小弗洛伊德·安东尼·约翰', '斯坦·李', '罗斯·马昆德', '布伦特·麦吉', '迈克尔·皮耶里诺·米勒', '卡兰·马尔韦', '泰瑞·诺塔里', '吉米·雷·皮肯斯', '迈克尔·詹姆斯·肖', '泰·辛普金斯', '格雷格·蒂芬']","['剧情', '动作', '科幻', '奇幻', '冒险']",['美国'],"['英语', '日语', '科萨语']",181
8,长津湖之水门桥,2022-02-01,406733,49.28735,19,7.2,340845,['徐克'],"['吴京', '易烊千玺', '朱亚文', '李晨', '韩东君', '张涵予', '耿乐', '杜淳', '段奕宏', '胡军', '王丽坤', '杨一威', '李卓扬', '何跃飞', '唐志强', '刘治威', '庄小龙', '辛玉波', '张跃', '许明虎', '王宁', '王振威', '陈泽轩', '李小锋', '詹姆斯·菲尔伯德', '约翰·克鲁兹']","['剧情', '历史', '战争']","['中国大陆', '中国香港']",['汉语普通话'],149
9,流浪地球2,2023-01-22,385774,51.142727,27,8.2,997318,['郭帆'],"['吴京', '刘德华', '李雪健', '沙溢', '宁理', '王智', '朱颜曼滋', '安地', '王若熹 ', '佟丽娅', '伟大力', '张衣', '天使', '克拉拉', '叶展飞', '倪腾', '胡先煦', '霍青', '刘寅', '国义骞', '吴恩璇', '王红卫', '孔大山', '徐建', '刘佳沄', '丁燕来', '郜昂', '严华', '李仁', '洪真', '王磊', '王一通', '杨洪涛', '赵叶索', '李路琦', '黄纪渊', '郑楚一', '吴静一', '付嘉灏', '瓦伦廷·沃罗布耶夫', '李一冉', '周强', '朱超艺', '何金和龙', '何金和金', '张涛', '向进', '李沛东 ']","['科幻', '冒险', '灾难']",['中国大陆'],"['汉语普通话', '俄语', '英语', '印地语', '法语']",173
10,红海行动,2018-02-16,365228,39.275932,32,8.2,1010647,['林超贤'],"['张译', '黄景瑜', '海清', '杜江', '蒋璐霞', '尹昉', '王强', '郭家豪', '王雨甜', '麦亨利', '张涵予', '王彦霖']","['动作', '战争']","['中国大陆', '中国香港']","['汉语普通话', '阿拉伯语', '英语', '索马里语', '粤语']",138
11,唐人街探案2,2018-02-16,339777,38.757156,38,6.6,883864,['陈思诚'],"['王宝强', '刘昊然', '肖央', '刘承羽', '尚语贤', '王迅', '妻夫木聪', '迈克尔·皮特', '白灵', '元华', '曾江', '王成思', '杨金赐', '范湉湉', '佟丽娅', '陈思诚']","['喜剧', '动作', '悬疑']",['中国大陆'],"['汉语普通话', '英语', '日语', '粤语']",121
12,美人鱼,2016-02-08,339120,36.668804,43,6.7,796147,['周星驰'],"['邓超', '罗志祥', '张雨绮', '林允', '徐克', '吴亦凡', '李尚正', '卢正雨', '白客', '孔连顺', '田启文', '文章', '杨能', '张美娥', '李叶青', '林子聪', '赵志凌', '郑冀峰', '钱国伟', '范淑珍', '艾文·科蒂克', '松冈李那', '徐轸轸', '夏尉喻', '皮埃尔·布迪厄', '孙嘉灵', '许雅婷', '赵靖伊', '付骏福', '虞嘉娜', '宁小花', '易志乐', '孙乐天']","['喜剧', '爱情', '奇幻']","['中国大陆', '中国香港']","['汉语普通话', '英语', '日语']",93
13,我和我的祖国,2019-09-30,317003,38.10905,35,7.6,989329,"['陈凯歌', '张一白', '管虎', '薛晓路', '徐峥', '宁浩', '文牧野']","['黄渤', '张译', '韩昊霖', '杜江', '葛优', '刘昊然', '宋佳', '王千源', '任素汐', '吴京', '朱一龙', '王东', '陈飞宇', '佟丽娅', '欧豪', '张嘉益', '惠英红', '龚蓓苾', '田壮壮', '韩东君', '辛柏青', '周冬雨', '任达华', '江珊', '王砚辉', '耿乐', '姜武', '梁静', '佟大为', '魏晨', '胡军', '王天辰', '彭昱畅', '罗海琼', '郭丞', '周依然', '樊雨洁', '刘涛', '马伊琍', '张建亚', '徐峥', '王洛勇', '高亚麟', '王道铁', '程禹森', '马书良', '景海鹏', '陈冬', '雷佳音', '张子枫', '陶虹', '郭京飞', '袁文康', '贾晨飞', '邵汶', '张芝华', '段博文', '郎平']",['剧情'],['中国大陆'],['汉语普通话'],155
14,八佰,2020-08-21,311076,38.33658,20,7.5,797706,['管虎'],"['王千源', '张译', '姜武', '黄志忠', '张俊一', '欧豪', '杜淳', '魏晨', '张宥浩', '唐艺昕', '李九霄', '李晨', '梁静', '侯勇', '辛柏青', '俞灏明', '刘晓庆', '姚晨', '郑恺', '余皑磊', '黄晓明', '徐嘉雯', '张承', '马精武', '胡晓光', '陆思宇', '白恩', '曹璐', '刘云龙', '杨嘉华', '中泉英雄', '高爽', '郑伟', '高冬平', '黄米依', '曹卫宇', '宋洋', '徐乐同', '徐幸']","['剧情', '历史', '战争']",['中国大陆'],"['汉语普通话', '日语', '英语']",147
15,独行月球,2022-07-29,310301,41.60609,12,6.6,646784,['张吃鱼'],"['沈腾', '马丽', '常远', '李诚儒', '黄才伦', '李嘉琦', '郝瀚', '黄子韬', '王成思', '高海宝', '杨铮', '史彭元', '张熙然', '黄品沅', '杨皓宇', '徐志胜', '杜晓宇', '李海银', '陶亮', '王赞', '李唯贺', '陈昊明', '孟芷旭', '赵一霖']","['喜剧', '科幻']",['中国大陆'],"['汉语普通话', '英语']",122
16,我不是药神,2018-07-05,310002,34.81434,26,9.0,2042172,['文牧野'],"['徐峥', '王传君', '周一围', '谭卓', '章宇', '杨新鸣', '王佳佳', '王砚辉', '贾晨飞', '龚蓓苾', '宁浩', '李乃文', '岳小军', '苇青', '富冠铭', '巴拉特·巴蒂', '喜利图', '张海艳', '朱耕佑']","['剧情', '喜剧']",['中国大陆'],"['汉语普通话', '英语', '上海话', '印地语']",117
17,中国机长,2019-09-30,291317,37.429123,25,6.6,721296,['刘伟强'],"['张涵予', '欧豪', '杜江', '袁泉', '张天爱', '李沁', '雅玫', '杨祺如', '高戈', '黄志忠', '朱亚文', '李现', '焦俊艳', '吴樾', '阚清子', '李岷城', '冯文娟', '陈数', '杨颖', '余皑磊', '关晓彤', '小爱', '伊拉尔·帕萨', '亚历克斯·皮希汀', '赵亮', '周波']","['剧情', '传记', '灾难']",['中国大陆'],"['汉语普通话', '藏语', '英语', '四川话']",111
18,我和我的家乡,2020-10-01,282985,38.755554,19,7.0,637384,"['宁浩', '徐峥', '陈思诚', '闫非', '彭大魔', '邓超', '俞白眉']","['葛优', '黄渤', '范伟', '邓超', '沈腾', '张占义', '王宝强', '徐峥', '闫妮', '马丽', '刘敏涛', '刘昊然', '卢靖姗', '王子文', '魏翔', '章宇', '王砚辉', '张译', '王源', '张一鸣', '杨新鸣', '王迅', '于和伟', '苗阜', '李嘉琦', '张子贤', '董子健', '陶虹', '吴京', '韩彦博', '吕行', '佟丽娅', '李晨', '孙俪', '赵铁人', '郝云', '彭昱畅', '杨紫', '岳云鹏', '赵海燕', '岳小军', '王俊凯', '贾玲', '潘斌龙', '高睿菲儿', '陈数', '代乐乐', '黄才伦', '雷佳音', '梁超', '孙贵权', '韩昊霖', '岳红', '陶亮', '李易峰', '许猛', '郭帆', '卫莱', '栗坤', '薇娅', '李佳琦', '白泽泽', '惠王军']","['剧情', '喜剧']",['中国大陆'],['汉语普通话'],153
19,速度与激情8,2017-04-14,267093,36.648827,30,7.1,331316,['F·加里·格雷'],"['范·迪塞尔', '杰森·斯坦森', '道恩·强森', '米歇尔·罗德里格兹', '泰瑞斯·吉布森', '卢达·克里斯', '查理兹·塞隆', '库尔特·拉塞尔', '娜塔莉·伊曼纽尔', '卢克·伊万斯', '埃尔莎·帕塔奇', '克里斯托弗·海维尤', '斯科特·伊斯特伍德', '帕特里克·圣埃斯普利特', '卢克·霍克斯', '奥莱克·克鲁帕', '加里·维克斯', '马修·康威尔', '特戈·卡尔德隆', '唐·奥马尔', '塞莱斯汀·考尼尔', '布莱恩·鲍曼', '马科·查卡', 'David Dman Escobar']","['动作', '犯罪']","['中国大陆', '美国', '日本']","['英语', '俄语', '西班牙语']",136
20,这个杀手不太冷静,2022-02-01,262796,48.192722,14,6.2,511692,['邢文雄'],"['马丽', '魏翔', '陈明昊', '周大勇', '黄才伦', '艾伦', '高海宝', '韩笑', '孙贵权', '许猛', '全容杓', '卜俊男', '张志忠', '张建新', '马驰', '陶亮', '詹卢卡·佐帕']",['喜剧'],['中国大陆'],['汉语普通话'],109
21,西虹市首富,2018-07-27,254766,35.06266,28,6.6,992710,"['闫非', '彭大魔']","['沈腾', '宋芸桦', '张一鸣', '张晨光', '常远', '魏翔', '赵自强', '九孔', '李立群', '王成思', '徐冬冬', '艾伦', '杨皓宇', '黄才伦', '王力宏', '包贝尔', '郎咸平', '张绍刚', '杨文哲', '陶亮', '王赞', '黄杨', '刘鉴', '杨沅翰', '林炳宝', '骆佳', '陈昊明', '臧一人']",['喜剧'],['中国大陆'],['汉语普通话'],118
22,捉妖记,2015-07-16,243623,37.16107,41,6.7,521618,['许诚毅'],"['白百何', '井柏然', '姜武', '金燕玲', '钟汉良', '曾志伟', '吴君如', '汤唯', '姚晨', '闫妮', '保剑锋', '王栎鑫', '郭晓东', '李菁菁', '田雨橙', '张悦轩']","['喜剧', '奇幻', '古装']","['中国大陆', '中国香港']",['汉语普通话'],118
23,速度与激情7,2015-04-12,242313,38.856926,42,8.4,464240,['温子仁'],"['范·迪塞尔', '保罗·沃克', '杰森·斯坦森', '米歇尔·罗德里格兹', '乔丹娜·布鲁斯特', '泰瑞斯·吉布森', '卢达·克里斯', '道恩·强森', '卢卡斯·布莱克', '库尔特·拉塞尔', '娜塔莉·伊曼纽尔', '埃尔莎·帕塔奇', '盖尔·加朵', '约翰·布罗特顿', '卢克·伊万斯', '托尼·贾', '杰曼·翰苏', '诺尔·古格雷米', '阿里·法扎勒', '姜成镐', '龙达·鲁西', '伊吉·阿德利亚', '乔恩·李·布罗迪']","['动作', '犯罪']","['美国', '中国大陆', '日本']",['英语'],137
24,复仇者联盟3：无限战争,2018-05-11,239051,38.24297,19,8.1,761841,"['安东尼·罗素', '乔·罗素']","['小罗伯特·唐尼', '克里斯·海姆斯沃斯', '克里斯·埃文斯', '马克·鲁弗洛', '乔什·布洛林', '佐伊·索尔达娜', '本尼迪克特·康伯巴奇', '克里斯·帕拉特', '汤姆·赫兰德', '伊丽莎白·奥尔森', '保罗·贝坦尼', '斯嘉丽·约翰逊', '查德维克·博斯曼', '塞巴斯蒂安·斯坦', '唐·钱德尔', '汤姆·希德勒斯顿', '安东尼·麦凯', '本尼迪克特·黄', '戴夫·巴蒂斯塔', '布莱德利·库珀', '范·迪塞尔', '凯伦·吉兰', '利蒂希娅·赖特', '庞·克莱门捷夫', '凯莉·库恩', '汤姆-沃恩-劳勒', '海登·瓦尔希', '迈克尔·詹姆斯·肖', '泰瑞·诺塔里', '本尼西奥·德尔·托罗', '彼特·丁拉基', '罗斯·马昆德', '丹娜·奎里拉', '温斯顿·杜克', '弗洛伦丝·卡松巴', '塞缪尔·杰克逊', '雅各布·巴特朗', '斯坦·李']","['动作', '科幻', '奇幻', '冒险']",['美国'],['英语'],149
25,捉妖记2,2018-02-16,223723,38.314194,44,4.9,352510,['许诚毅'],"['梁朝伟', '白百何', '井柏然', '李宇春', '杨祐宁', '大鹏', '吴君如', '曾志伟', '黄磊', '柳岩', '吴莫愁', '伍嘉成', '赵磊', '谷嘉诚', '彭楚粤', '陈泽希', '郭子凡', '肖战', '焉栩嘉', '夏之光', '姜超', '娄艺潇', '张俪']","['喜剧', '动作', '奇幻', '古装']","['中国大陆', '中国香港']",['汉语普通话'],110
26,羞羞的铁拳,2017-09-30,221365,33.400208,25,6.8,696016,"['宋阳', '张吃鱼']","['艾伦', '马丽', '沈腾', '田雨', '宋阳', '薛皓文', '常远', '黄才伦', '王智']","['喜剧', '奇幻']",['中国大陆'],['汉语普通话'],100
27,疯狂的外星人,2019-02-05,221321,42.006607,30,6.4,675147,['宁浩'],"['黄渤', '沈腾', '汤姆·派福瑞', '马修·莫里森', '徐峥', '于和伟', '雷佳音', '刘桦', '邓飞', '蔡明凯', '王戈', '凯特·纳尔逊', '王砚伟', '呲路']","['喜剧', '科幻']",['中国大陆'],"['汉语普通话', '英语']",116
28,海王,2018-12-07,201307,36.35835,18,7.6,857538,['温子仁'],"['杰森·莫玛', '安柏·赫德', '威廉·达福', '帕特里克·威尔森', '妮可·基德曼', '杜夫·龙格尔', '叶海亚·阿卜杜勒-迈丁', '特穆拉·莫里森', '林路迪', '迈克尔·比奇', '兰道尔·朴', '格拉汉姆·麦克泰维什', '雷·沃纳尔', '泰努伊·柯克伍德', '塔穆尔·柯克伍德', '丹泽尔·夸克', '卡恩·古尔杜尔', '奥蒂斯·丹吉', '克考亚·克库毛诺', '朱莉·安德鲁斯', '约翰·瑞斯-戴维斯', '杰曼·翰苏', '索菲亚·福雷斯特', '娜塔莉·萨福兰', '杰克·安德鲁', '汉克·阿莫斯', '帕特里克·考克斯', '罗伯特·朗斯特里特', '德维卡·帕利赫', '梅布尔·塔莫内', '文森特·B·拉戈斯', '加布里埃拉·佩特科娃', '爱丽丝·兰斯伯里', '帕特里克·艾奇逊', '约翰·盖蒂尔', '塔丽亚·杰德·霍尔特', '罗斯·克纳汉', '布拉登·刘易斯', '萨尔瓦多·梅伦达', '山姆·莫纳汉', '温妮·穆赞贝', '凯·潘塔诺', '安娜·帕奇', '乔恩·奎斯蒂德', '迪伦·斯图默', '米奇·武尔夫']","['动作', '奇幻', '冒险']","['美国', '澳大利亚']","['英语', '毛利语', '意大利语', '俄语']",143
29,变形金刚4：绝迹重生,2014-06-27,197652,41.633636,50,6.7,321239,['迈克尔·贝'],"['马克·沃尔伯格', '斯坦利·图齐', '凯尔希·格兰莫', '妮可拉·佩尔茨', '杰克·莱诺', '提图斯·维里沃', '索菲娅·迈尔斯', '李冰冰', 'T·J·米勒', '彼特·库伦', '约翰·迪·马吉欧', '罗伯特·福克沃斯', '约翰·古德曼', '马克·瑞安', '渡边谦', '弗兰克·维尔克', '雷诺·维尔森', '阿比盖尔·克莱恩', '托马斯·列农', '韩庚', '巫刚', '吕良伟', '王敏德', '纪培慧', '邹市明']","['动作', '科幻']","['美国', '中国大陆', '中国香港']",['英语'],166
30,前任3：再见前任,2017-12-29,194190,35.06071,29,5.6,383513,['田羽生'],"['韩庚', '郑恺', '于文文', '曾梦雪', '罗米']","['喜剧', '爱情']",['中国大陆'],['汉语普通话'],120
31,毒液：致命守护者,2018-11-09,187065,35.510277,17,7.2,810348,['鲁本·弗雷斯彻'],"['汤姆·哈迪', '米歇尔·威廉姆斯', '里兹·阿迈德', '斯科特·黑兹', '瑞德·斯科特', '珍妮·斯蕾特', '梅洛拉·沃尔特斯', '伍迪·哈里森', '佩吉·陆', '马尔科姆·C·默里', '索佩·阿卢科', '韦恩·佩雷', '米歇尔·李', '库尔特·岳', '克里斯·奥哈拉', '埃米里奥·瑞弗拉', '阿里亚当娜·约瑟夫', '袁之正', '朴云龙', '麦克·勃兰特', '尼克·图恩', '山姆麦地那', '迪塞尔·马德金斯', '简·麦克尼尔', '维克托·麦凯', '马丁·巴特斯·布拉德福德', '布兰顿·莫拉莱斯', '马修·康威尔', '斯坦·李', '韦德·威廉姆斯', '约瑟夫·阿梅', '威廉·W·巴伯', '玛塞拉·布拉吉奥', '卡特·伯奇', '克里斯蒂安·康佛瑞', '詹姆斯·富尔特斯', '丹妮拉·加斯基', '约翰·盖蒂尔', '艾米丽塔·T·冈萨雷斯', '杰克·汉森', '安东尼·B·哈里斯', '卡茜·亨德利', '罗恩·彼得·琼斯', '霍梅洛·洛佩兹', '万恩·姆约维奇']","['动作', '科幻', '惊悚']","['美国', '中国大陆']","['英语', '汉语普通话']",112
32,功夫瑜伽,2017-01-28,174868,38.17402,33,5.0,182349,['唐季礼'],"['成龙', '李治廷', '张艺兴', '索努·苏德', '母其弥雅', '迪莎·帕塔尼', '艾米拉·达斯特', '尚语贤', '姜雯', '张国立']","['喜剧', '动作', '冒险']","['中国大陆', '印度']","['汉语普通话', '英语', '印地语', '阿拉伯语']",108
33,飞驰人生,2019-02-05,172824,41.692364,25,6.9,882600,['韩寒'],"['沈腾', '黄景瑜', '尹正', '张本煜', '尹昉', '田雨', '魏翔', '赵文瑄', '腾格尔', '易小星', '李庆誉', '高华阳', '刘帅良', '李玲玉', '何穗', '潘晓婷', '田原', '李春嫒', '冯绍峰']",['喜剧'],['中国大陆'],"['汉语普通话', '英语']",98
34,阿凡达,2010-01-04,171538,45.51871,22,7.9,467646,['詹姆斯·卡梅隆'],"['萨姆·沃辛顿', '佐伊·索尔达娜', '西格妮·韦弗', '史蒂芬·朗', '米歇尔·罗德里格兹', '吉奥瓦尼·瑞比西', '乔·大卫·摩尔 ', '希·庞德', '韦斯·斯塔迪', '拉兹·阿隆索', '迪利普·劳', '马特·杰拉德', '肖恩·安东尼·莫兰', '杰森·怀特', '斯科特·劳伦斯', '凯利·基尔戈', '詹姆斯·皮特', '肖恩·帕特里克·墨菲', '彼得·狄龙', '凯文·多曼', '凯尔森·亨德森', '大卫·范·霍恩', '雅克布·托毛里', 'Julene Renee', '卢克·霍克', '伍迪·舒尔茨', '彼得·门萨', '伊拉姆·崔', '黛布拉·威尔逊', 'Chris Mala', '马修张伯伦', '詹姆斯·盖林', '拉斯科·阿特金斯', 'Jørn Benzon', '罗文·贝特杰曼', 'Robert Catto', '罗德尼·库克', 'Nicole Dionne', 'Anthony Ingruber', '蒂姆·卡诺', '卡米尔·基南', '迪恩·诺斯利', 'Emma Law']","['动作', '科幻', '冒险']",['美国'],"['英语', '西班牙语']",162
35,人生大事,2022-06-24,171249,40.257015,10,7.3,516332,['刘江江'],"['朱一龙', '杨恩又', '王戈', '刘陆', '罗京民', '吴倩', '郑卫莉', '陈创', '李春嫒', '钟宇升', '刘亚津', '小爱', '韩延']","['剧情', '家庭']","['中国大陆', '中国香港']","['武汉话', '四川话', '汉语普通话']",112
36,烈火英雄,2019-08-01,170685,35.896545,19,6.4,312142,['陈国辉'],"['黄晓明', '杜江', '谭卓', '杨紫', '欧豪', '侯勇', '张哲瀚', '谷嘉诚', '印小天', '高戈', '许文广', '刘金山', '丁嘉丽']","['剧情', '灾难']",['中国大陆'],['汉语普通话'],120
37,侏罗纪世界2,2018-06-15,169591,35.697067,19,6.6,371565,['J·A·巴亚纳'],"['克里斯·帕拉特', '布莱丝·达拉斯·霍华德', '贾斯蒂斯·史密斯', '伊莎贝拉·瑟蒙', '拉菲·斯波', '托比·琼斯', '泰德·拉文', '詹姆斯·克伦威尔', '黄荣亮', '丹妮艾拉·皮内达', '杰拉丁·卓别林', '杰夫·高布伦', '卡米尔·雷米泽斯基', '丹尼尔·斯蒂森', '皮特·杰森', '迈克尔·帕帕约翰', '罗伯特·埃姆斯', '罗南·萨莫尔斯', '麦克斯·贝克', '丹尼尔·厄根', '戴维·奥拉瓦莱·阿印德']","['动作', '科幻', '冒险']",['美国'],"['英语', '俄语']",128
38,阿凡达：水之道,2022-12-16,168346,50.247925,8,7.9,467646,['詹姆斯·卡梅隆'],"['萨姆·沃辛顿', '佐伊·索尔达娜', '西格妮·韦弗', '史蒂芬·朗', '克利夫·柯蒂斯', '乔·大卫·摩尔 ', '希·庞德', '埃迪·法可', '杰米·福雷特斯', '吉奥瓦尼·瑞比西', '凯特·温丝莱特', '杰梅奈·克莱门特', '布伦丹·考威尔', '布里坦·道尔顿', '特里尼蒂·布利斯', '杰克·尚皮永', '贝利·巴斯', '菲利普·盖廖', '小杜安·埃文斯', '迪利普·劳', '马特·杰拉德', '科斯顿·约翰', '凯文·多曼', '艾丽西娅·维拉-贝利', '肖恩·安东尼·莫兰', '玛丽亚·沃克', '乔尔·托贝克', '本杰明·霍特杰斯', '沙恩·朗吉', '克洛伊·科尔曼', 'CJ·琼斯']","['动作', '科幻', '冒险']",['美国'],['英语'],193
39,寻龙诀,2015-12-18,167988,36.200695,40,7.4,590301,['乌尔善'],"['陈坤', '黄渤', '舒淇', '杨颖', '夏雨', '刘晓庆', '颜卓灵', '曹操', '张东', '黄西', '僧格仁钦']","['剧情', '动作', '奇幻', '冒险']","['中国大陆', '中国香港']","['汉语普通话', '英语', '蒙古语', '日语']",125
40,西游伏妖篇,2017-01-28,165207,39.149124,36,5.5,348191,['徐克'],"['吴亦凡', '林更新', '姚晨', '林允', '包贝尔', '巴特尔', '杨一威', '大鹏', '王丽坤', '汪铎', '张美娥']","['喜剧', '动作', '奇幻', '古装']","['中国大陆', '中国香港']",['汉语普通话'],108
41,港囧,2015-09-25,161135,32.852345,40,5.7,387603,['徐峥'],"['徐峥', '赵薇 Wei Zhao', '包贝尔', '杜鹃', '葛民辉', '李灿森', '潘虹', '赵有亮', '朱媛媛', '王迅', '冯勉恒', '王晶', '叶竞生', '林晓峰', '车保罗', '苑琼丹', '林雪', '江约诚', '郑丹瑞', '田启文', '吴耀汉', '林路迪', '詹瑞文', '庄锶敏', '陶虹']",['喜剧'],['中国大陆'],"['汉语普通话', '粤语']",114
42,姜子牙,2020-10-01,160296,39.791046,19,6.6,592328,"['程腾', '李炜']","['郑希', '杨凝', '图特哈蒙', '阎么么', '季冠霖', '姜广涛', '陈思宇']","['剧情', '动画', '奇幻']",['中国大陆'],['汉语普通话'],110
43,万里归途,2022-09-30,159315,41.962566,8,7.4,386884,['饶晓志'],"['张译', '王俊凯', '殷桃', '成泰燊', '张子贤', '陈昊宇', '王迅', '万茜', '李雪健', '李晨', '王智', '吴京', '温韬', '吴恩璇', '国义骞', '谢承颖', '李路琦', '赵梓冲', '王照清', '朱超艺', '闫昌', '李凯', '谢欣华', '侯晓童', '穆丽燕', '奥梅尔·尤祖亚克', '埃兰·艾哈迈德·洛特夫·拉吉·阿尔加赫菲', '小伊万·马弗里克', '尤金·芬克尔', '埃米尔·扎格鲁尔', '艾哈迈德·穆罕默德·贾比尔·阿尔卡索姆']","['剧情', '战争']",['中国大陆'],"['汉语普通话', '阿拉伯语', '英语']",137
44,少年的你,2019-10-25,155826,36.217823,16,8.2,1434215,['曾国祥'],"['周冬雨', '易烊千玺', '尹昉', '周也', '吴越', '黄觉', '张艺凡', '张耀', '张歆怡', '赵润南', '郜玄铭']","['剧情', '爱情', '犯罪']","['中国大陆', '中国香港']",['汉语普通话'],135
45,变形金刚5：最后的骑士,2017-06-23,155126,36.93777,23,4.9,243817,['迈克尔·贝'],"['马克·沃尔伯格', '安东尼·霍普金斯', '乔什·杜哈明', '劳拉·哈德克', '桑地亚哥·卡布瑞拉', '伊莎贝拉·莫奈', '杰洛德·卡尔迈克', '斯坦利·图齐', '利亚姆·加里根', '马丁·麦克里迪', '约翰·霍林沃思', '丹尼尔·阿德博伊加', '格伦·莫肖尔', '嘉玛·陈', '约翰·特托罗', '托尼·海尔', '克劳德·诺尔顿', '雅各布·扎哈尔', '玛姬·斯蒂德', '莎拉·斯图尔特', '菲比·尼克尔斯', '丽贝卡·弗朗特', '斯蒂芬·霍根', '小本杰明·弗洛雷斯', '胡利奥塞萨尔·查韦斯', '艾莎卡比娅', '安迪·比恩', '马克·德克斯特', '罗伯·贾维斯', '蒂姆·唐尼', '克里斯蒂娜·谭', '宝琳·麦克林', '塞塔·因德尼', '温迪·阿尔比斯顿', '芭芭拉·伊芙·哈里斯', '米彻·佩勒吉', '阿兰·皮特鲁塞泽维斯基', '德鲁·沃特斯', '汤姆·怀特', '丹·华纳', '彼特·库伦', '弗兰克·维尔克', '埃里克·阿达尔', '约翰·古德曼', '渡边谦', '吉姆·卡特', '史蒂夫·布西密', '奥玛·希', '雷诺·维尔森', '约翰·迪·马吉欧', '汤姆·肯尼', '杰斯·哈梅尔', '马克·瑞安', '李·阿斯奎斯-柯', '戴维·奥拉瓦莱·阿印德', '罗伊·贝克', '吉尔·伯明翰', 'Michael Chapman', '蕾欧娜·克拉克']","['动作', '科幻']","['美国', '中国大陆', '加拿大', '墨西哥']",['英语'],155
46,疯狂动物城,2016-03-04,153190,33.580685,28,9.2,1868291,"['拜伦·霍华德', '瑞奇·摩尔', '杰拉德·布什']","['金妮弗·古德温', '杰森·贝特曼', '伊德里斯·艾尔巴', '珍妮·斯蕾特', '内特·托伦斯', '邦尼·亨特', '唐·雷克', '汤米·钟', 'J·K·西蒙斯', '奥克塔维亚·斯宾瑟', '艾伦·图代克', '夏奇拉', '雷蒙德·S·佩尔西', '德拉·萨巴', '莫里斯·拉马奇', '菲尔·约翰斯顿', '约翰·迪·马吉欧', '凯蒂·洛斯', '吉塔·雷迪', '杰西·科尔蒂', '汤米·利斯特', '乔希·达拉斯', '瑞奇·摩尔', '凯斯·索西', '彼得·曼斯布里奇', '拜伦·霍华德', '杰拉德·布什', '马克·史密斯', '乔西·特立尼达', '约翰·拉维尔', '克里斯汀·贝尔', '吉尔·科德斯', '梅利莎·古德温']","['喜剧', '动画', '冒险']",['美国'],"['英语', '挪威语']",109
47,我和我的父辈,2021-09-30,147719,43.45881,16,6.5,258801,"['吴京', '章子怡', '徐峥', '沈腾']","['吴京', '章子怡', '徐峥', '沈腾', '吴磊', '黄轩', '袁近辉', '任思诺', '韩昊霖', '宋佳', '马丽', '洪烈', '张天爱', '李光洁', '海清', '陈道明', '彭昱畅', '欧豪', '贾冰', '李嘉琦', '艾伦', '常远', '余皑磊', '魏晨', '陶虹', '倪虹洁', '张雨绮', '焦圣祥', '樊雨洁', '张建亚', '张芝华', '张国强', '宁理', '胡可', '沙溢', '马书良', '曹可凡', '万茜', '祖峰', '张艺谋', '李雪健', '张小斐', '杜江', '李乃文', '耿乐', '吴昊宸', '白那日苏', '江水', '逯长恩', '张恒瑞', '阿楠', '吴昱翰', '周庆昀', '王成思', '宋阳', '李海银', '龚毅星']",['剧情'],['中国大陆'],['汉语普通话'],156
48,魔兽,2016-06-08,146887,37.072163,25,7.7,309189,['邓肯·琼斯'],"['崔维斯·费米尔', '托比·凯贝尔', '宝拉·巴顿', '吴彦祖', '本·福斯特', '多米尼克·库珀', '鲁丝·内伽', '克兰西·布朗', '丹尼尔·库德摩尔', '罗伯特·卡辛斯基', '本·施耐泽', '格伦·克洛斯', '考乐姆·吉斯·雷尼', '泰瑞·诺塔里', '瑞安·罗宾斯', '博尔克利·杜菲尔德', '丹·佩恩', '迪伦·肖明', '唐尼·麦克尼尔', '迈克·安东纳科斯', '拉吉·拉尔']","['动作', '奇幻', '冒险']","['美国', '中国大陆', '加拿大', '日本']",['英语'],124
49,复仇者联盟2：奥创纪元,2015-05-12,146118,39.999035,29,7.5,490902,['乔斯·韦登'],"['小罗伯特·唐尼', '克里斯·海姆斯沃斯', '马克·鲁弗洛', '克里斯·埃文斯', '斯嘉丽·约翰逊', '杰瑞米·雷纳', '詹姆斯·斯派德', '塞缪尔·杰克逊', '唐·钱德尔', '亚伦·泰勒-约翰逊', '伊丽莎白·奥尔森', '保罗·贝坦尼', '寇碧·史莫德斯', '安东尼·麦凯', '海莉·阿特维尔', '伊德里斯·艾尔巴', '斯特兰·斯卡斯加德', '金秀贤', '托马斯·克莱舒曼', '安迪·瑟金斯', '朱莉·德尔佩', '斯坦·李', '亨利·古德曼', '多米尼克·普罗沃斯特-切克利', '艾萨克·安德鲁斯']","['动作', '科幻', '奇幻', '冒险']",['美国'],"['英语', '韩语']",142
50,夏洛特烦恼,2015-09-30,144475,32.15511,33,7.8,950179,"['闫非', '彭大魔']","['沈腾', '马丽', '尹正', '艾伦', '王智', '田雨', '宋阳', '常远', '李萍', '李立群', '张一鸣', '马小茜', '赵震', '董良瑜', '刘坤', '黄才伦', '陈昊明', '陆林洁', '王成思', '刘金', '刘立东', '杨欢', '宁幻秋', '温森', '陶柏', '许猛', '嫣红', '刘叶舟', '王硕', '马驰', '周展翅', '周华安', '顾佳欣', '易波', '一戈', '姜田丰', '郭恩强', '常世奎', '于健', '王琦', '赵雪', '陶亮', '黄杨', '陆羊', '王军', '刘子凡', '刘笑竹', '卢莹', '张广洁', '方菲菲', '许登雨', '朱波', '肖扬', '魏翔', '江夏', '吴江', '张辰', '王野', '贾悦明', '王翡', '简姗姗', '申琴子', '尹星人', '桂百惠', '管亚鑫', '彭泽言', '王思浩', '关鹏', '桂琛', '朱磊', '徐贤任', '田川', '李哲', '冯满']","['喜剧', '爱情']",['中国大陆'],['汉语普通话'],104
51,速度与激情：特别行动,2019-08-23,143495,35.66835,15,6.3,246571,['大卫·雷奇'],"['道恩·强森', '杰森·斯坦森', '伊德里斯·艾尔巴', '凡妮莎·柯比', '艾莎·冈萨雷斯', '海伦·米伦', '瑞安·雷诺兹', '凯文·哈特', '埃迪·马森', '罗曼·雷恩斯', '斯蒂芬妮·沃格特', '维克托里娅·菲斯', '康兰·卡萨尔', '海伦娜·福尔摩斯', '伯纳多·桑托斯', '露丝·霍洛克斯', '大卫·穆梅尼', '马诺伊·阿南德', '阿玛尔·阿达蒂亚', '朱利安·费罗', '丹尼尔·厄根', '拉普洛斯·卡伦福佐斯', '阿克塞尔·努', '史蒂夫·莱温顿', '安东尼奥·曼奇诺', '斯特拉·斯托克尔', '克利夫·柯蒂斯']","['喜剧', '动作', '冒险']","['美国', '日本']","['英语', '萨摩亚语', '俄语']",137
52,送你一朵小红花,2020-12-31,143269,37.269688,12,7.2,730847,['韩延'],"['易烊千玺', '刘浩存', '朱媛媛', '高亚麟', '夏雨', '岳云鹏', '陈祉希', '李晓川', '孔琳', '吴晓亮', '张绍刚', '孙强', '安笑歌', '李增辉', '姚未平', '张浩天', '柴陆']",['剧情'],['中国大陆'],['汉语普通话'],128
53,芳华,2017-12-15,142299,34.23472,25,7.7,783309,['冯小刚'],"['黄轩', '苗苗', '钟楚曦', '杨采钰', '李晓峰', '王天辰', '王可如', '隋源', '张仁博', '苏岩', '张国立', '赵立新']","['剧情', '历史', '战争']",['中国大陆'],['汉语普通话'],136
54,侏罗纪世界,2015-06-10,141821,38.28785,33,6.0,230232,['科林·特莱沃若'],"['克里斯·帕拉特', '布莱丝·达拉斯·霍华德', '劳拉·邓恩', '山姆·尼尔', '杰夫·高布伦', '德汪达·怀斯', '马莫多·阿西', '伊莎贝拉·瑟蒙', '坎贝尔·斯科特', '黄荣亮', '奥玛·希', '贾斯蒂斯·史密斯', '丹妮艾拉·皮内达', '斯科特·黑兹', '迪辰·拉克曼', '克里斯托弗·普拉哈', '芙蕾雅·帕克', '亚历山大·欧文', '埃尔娃·崔尔', '特蕾莎·森登·加西亚', '瓦拉达·塞图', '本·阿什登', '小恩佐·斯奎利诺', '格利尼斯·戴维斯', '摩西·布林斯·普兰提', '柯基·法尔考', '迪米特里“维加斯”蒂瓦约', '乔·阿佐帕迪', '本·库克', '伯纳多·桑托斯']","['动作', '科幻', '冒险']","['美国', '马耳他']",['英语'],146
55,蜘蛛侠：英雄远征,2019-06-28,141767,35.90006,17,7.6,580206,['乔·沃茨'],"['汤姆·赫兰德', '赞达亚', '杰克·吉伦哈尔', '寇碧·史莫德斯', '塞缪尔·杰克逊', '乔恩·费儒', '玛丽莎·托梅', '雅各布·巴特朗', '安格瑞·赖斯', '马丁·斯塔尔', '瑞米·许', '纽曼·阿卡', '托尼·雷沃罗利', 'J·B·斯穆夫', '赫米基·马德拉', '戴维娜·西塔拉姆', '约瑟夫·朗', '露丝·霍洛克斯', '希滕·珀泰尔', '杰罗恩·凡·康宁斯伯格', '列尼斯·德洛桑托斯', '查利·蕾娅·埃斯奎尔', '费斯·洛根', 'J·K·西蒙斯', '小罗伯特·唐尼']","['动作', '科幻', '冒险']",['美国'],['英语'],127
56,熊出没·伴我“熊芯”,2023-01-22,140170,46.815296,26,7.0,44905,"['林永长', '邵和麒']","['张秉君', '谭笑', '张伟', '缪莹莹', '贾晨露', '聂吉轩', '王天昊', '张茗', '王思雨']","['喜剧', '科幻', '动画']",['中国大陆'],['汉语普通话'],96
57,头号玩家,2018-03-30,139668,36.40283,18,8.7,1331654,['史蒂文·斯皮尔伯格'],"['泰伊·谢里丹', '奥利维亚·库克', '本·门德尔森', '马克·里朗斯', '丽娜·维特', '森崎温', '赵家正', '西蒙·佩吉', 'T·J·米勒', '汉娜·乔恩-卡门', '拉尔夫·伊内森', '苏珊·林奇', '克莱尔·希金斯', '劳伦斯·斯佩尔曼', '佩蒂塔·维克斯', '艾萨克·安德鲁斯']","['动作', '科幻', '冒险']",['美国'],"['英语', '日语', '汉语普通话']",140
58,速度与激情9,2021-05-21,139220,39.293976,13,5.2,191756,['林诣彬'],"['范·迪塞尔', '约翰·塞纳', '米歇尔·罗德里格兹', '乔丹娜·布鲁斯特', '泰瑞斯·吉布森', '卢达·克里斯', '查理兹·塞隆', '海伦·米伦', '姜成镐', '娜塔莉·伊曼纽尔', '迈克尔·鲁克', '卢卡斯·布莱克', '杜俊纬', '卡迪·B', '吉姆·帕拉克', '芬恩·科尔', '安珀·西耶娜', '马丁·福特', '艾拉·沃克', '泽井杏奈', '图厄·埃尔斯特德·拉斯姆森', '米拉吉·格尔比克', '吉米·斯达', '莱克斯·艾尔', '温尼·贝内特', '马克·克雷尼克', '杰森·斯坦森']","['动作', '犯罪']",['美国'],['英语'],142
59,奇迹·笨小孩,2022-02-01,137929,46.259357,11,7.4,532356,['文牧野'],"['易烊千玺', '田雨', '陈哈琳', '齐溪', '公磊', '许君聪', '王宁', '黄尧', '巩金国', '田壮壮', '王传君', '章宇', '张志坚', '咏梅', '杨新鸣', '徐峥', '岳小军', '朱俊麟', '王丽涵', '贾弘逍', '韩笑', '孙征宇', '黄艺馨', '修梦迪', '苏子航', '郑伊倩', '丁文博', '陈翊曈']",['剧情'],['中国大陆'],['汉语普通话'],106
60,后来的我们,2018-04-28,136155,33.90266,21,5.9,359948,['刘若英'],"['井柏然', '周冬雨', '田壮壮', '曲哲明', '刘启恒', '苏小明', '邹倚天', '张子贤', '施予斐', '李剑青']","['剧情', '爱情']",['中国大陆'],['汉语普通话'],120
61,一出好戏,2018-08-10,135507,34.711494,25,7.1,877334,['黄渤'],"['黄渤', '舒淇', '王宝强', '张艺兴', '于和伟', '王迅', '李勤勤', '李又麟', '宁浩', '管虎', '梁静', '徐峥', '陈德森', '张磊']","['剧情', '喜剧']",['中国大陆'],['汉语普通话'],134
62,误杀,2019-12-13,133312,33.156662,11,7.5,866642,['柯汶利'],"['肖央', '谭卓', '陈冲', '姜皓文', '秦沛', '边天扬', '许文姗', '张熙然', '施名帅', '黄健玮', '陈志朋']","['剧情', '悬疑', '犯罪']",['中国大陆'],"['汉语普通话', '泰语']",112
63,怒火·重案,2021-07-30,132927,38.70483,8,7.2,424034,['陈木胜'],"['甄子丹', '谢霆锋', '秦岚', '谭耀文', '黄德斌', '吴浩康', '何珮瑜', '杨天宇', '汤君慈', '麦亨利', '喻亢', '张文杰', '胡子彤', '吕良伟', '任达华', '袁富华', '林国斌', '卢惠光', '陈家乐', '张国强']","['动作', '犯罪']","['中国香港', '中国大陆']","['粤语', '汉语普通话']",128
64,中国医生,2021-07-09,132875,36.34171,11,6.9,239340,['刘伟强'],"['张涵予', '袁泉', '朱亚文', '李晨', '易烊千玺', '欧豪', '周也', '冯文娟', '耿乐', '梁大维', '小爱', '雅玫', '杨祺如', '叶禾', '蒋林燕', '梅婷', '李沁', '张天爱', '宋佳', '俞飞鸿', '倪虹洁', '冯绍峰', '周笔畅', '张颂文', '张子枫', '佟丽娅', '谷嘉诚', '刘威', '刘佳', '赵宁宇', '王挺', '余皑磊', '黄璐', '印小天', '张嘉倪', '释小龙', '高戈', '刘琳', '来喜', '万国鹏', '王昭', '石昊正']","['剧情', '灾难']",['中国大陆'],['汉语普通话'],129
65,拆弹专家2,2020-12-24,131465,38.657715,11,7.4,553237,['邱礼涛'],"['刘德华', '刘青云', '倪妮', '谢君豪', '姜皓文', '吴卓羲', '马浴柯', '黄德斌', '郑子诚', '洪天明', '袁富华', '刘浩龙', '凌文龙', '赵永洪', '蔡瀚亿', '张竣杰', '张扬']","['动作', '犯罪']","['中国大陆', '中国香港']","['汉语普通话', '粤语', '英语']",121
66,扫毒2天地对决,2019-07-05,131288,36.361706,16,6.0,242317,['邱礼涛'],"['刘德华', '古天乐', '苗侨伟', '林嘉欣', '周秀娜', '应采儿', '陈家乐', '卫诗雅', '郑则仕', '张国强', '陈佩诗', '狼森', '欧阳靖', '恭硕良', '林家栋', '李赏', '张竣杰', '李灿森', '谭小环']","['剧情', '动作', '悬疑', '犯罪']","['中国大陆', '中国香港']","['汉语普通话', '粤语']",99
67,泰坦尼克号,1998-04-03,130615,21.580822,69,9.5,2063926,['詹姆斯·卡梅隆'],"['莱昂纳多·迪卡普里奥', '凯特·温丝莱特', '比利·赞恩', '凯西·贝茨', '弗兰西丝·费舍', '格劳瑞亚·斯图尔特', '比尔·帕克斯顿', '伯纳德·希尔', '大卫·沃纳', '维克多·加博', '乔纳森·海德', '苏茜·爱米斯', '刘易斯·阿伯内西', '尼古拉斯·卡斯柯恩', '阿那托利·萨加洛维奇', '丹尼·努齐', '杰森·贝瑞', '伊万·斯图尔特', '艾恩·格拉法德', '乔纳森·菲利普斯', '马克·林赛·查普曼', '理查德·格拉翰', '保罗·布赖特威尔', '艾瑞克·布里登', '夏洛特·查顿', '博纳德·福克斯', '迈克尔·英塞恩', '法妮·布雷特', '马丁·贾维斯', '罗莎琳·艾尔斯', '罗切尔·罗斯', '乔纳森·伊万斯-琼斯', '西蒙·克雷恩', '爱德华德·弗莱彻', '斯科特·安德森', '马丁·伊斯特', '克雷格·凯利', '格雷戈里·库克', '利亚姆·图伊', '詹姆斯·兰开斯特', '艾尔莎·瑞雯', '卢·帕尔特', '泰瑞·佛瑞斯塔', '凯文·德·拉·诺伊']","['剧情', '爱情', '灾难']","['美国', '墨西哥', '澳大利亚', '加拿大']","['英语', '意大利语', '德语', '俄语']",194
68,摔跤吧！爸爸,2017-05-05,129932,30.073994,22,9.0,1529702,['涅提·蒂瓦里'],"['阿米尔·汗', '法缇玛·萨那·纱卡', '桑亚·玛荷塔', '阿帕尔夏克提·库拉那', '沙克希·坦沃', '塞伊拉·沃西', '苏哈妮·巴特纳格尔', '里特维克·萨霍里', '吉里什·库卡尼']","['剧情', '家庭', '传记', '运动']",['印度'],"['印地语', '英语']",161
69,无双,2018-09-30,127378,35.56216,15,8.0,906938,['庄文强'],"['周润发', '郭富城', '张静初', '冯文娟', '廖启智', '周家怡', '王耀庆', '方中信', '高捷', '邢佳栋', '张松枝', '张建声', '吴嘉龙', '孙佳君']","['剧情', '动作', '悬疑', '犯罪']","['中国大陆', '中国香港']","['汉语普通话', '粤语', '英语', '泰语', '波兰语']",130
70,人再囧途之泰囧,2012-12-12,127096,32.42341,45,7.5,761054,['徐峥'],"['徐峥', '王宝强', '黄渤', '陶虹', '谢楠', '范冰冰']",['喜剧'],['中国大陆'],"['汉语普通话', '英语', '泰语']",105
71,西游·降魔篇,2013-02-10,124695,40.226612,41,7.2,611725,"['周星驰', '郭子健']","['文章', '舒淇', '黄渤', '罗志祥', '李尚正', '陈炳强', '赵志凌', '周秀娜', '杨迪', '释彦能', '冯勉恒', '谢晶晶', '何文辉', '唐艺昕', '卢正雨', '张煜雯', '葛行于', '张超理', '程思寒']","['喜剧', '奇幻', '冒险']","['中国大陆', '中国香港']","['汉语普通话', '粤语']",110
72,碟中谍6：全面瓦解,2018-08-31,124523,36.820988,15,8.1,491736,['克里斯托弗·麦奎里'],"['汤姆·克鲁斯', '亨利·卡维尔', '文·瑞姆斯', '西蒙·佩吉', '丽贝卡·弗格森', '西恩·哈里斯', '安吉拉·贝塞特', '凡妮莎·柯比', '米歇尔·莫纳汉', '韦斯·本特利', '费雷德里克·施密特', '亚历克·鲍德温', '杨亮', '克里斯托弗·约纳尔', '沃尔夫·布利策', '拉斐尔·琼勒', '安德鲁·卡扎纳夫·平', '克里斯多夫·德·舒瓦西', '拉裴尔·德普雷', '让·巴普蒂斯特·菲永', '马克斯·盖勒', '奥利维尔·体班德', '亚历山大·普尔', '阿利克斯·贝纳泽什', '乔伊·安沙', '维利贝·托皮奇', '格雷厄姆·福克斯', '卡斯珀·菲利普森', '菲恩·乔利', '鲁斯·贝恩', '奈杰尔·艾伦']","['动作', '惊悚', '冒险']","['美国', '中国大陆', '法国', '挪威', '英国']","['英语', '法语']",147
73,美国队长3,2016-05-06,124397,34.987694,25,7.9,448712,"['安东尼·罗素', '乔·罗素']","['克里斯·埃文斯', '小罗伯特·唐尼', '斯嘉丽·约翰逊', '塞巴斯蒂安·斯坦', '安东尼·麦凯', '唐·钱德尔', '杰瑞米·雷纳', '查德维克·博斯曼', '保罗·贝坦尼', '伊丽莎白·奥尔森', '保罗·路德', '艾米丽·万凯普', '汤姆·赫兰德', '丹尼尔·布鲁赫', '弗兰克·格里罗', '威廉·赫特', '马丁·弗瑞曼', '霍普·戴维斯', '玛丽莎·托梅', '吉姆·拉什', '金世佳']","['动作', '科幻', '冒险']",['美国'],"['科萨语', '英语', '德语', '俄语', '罗马尼亚语']",148
74,哥斯拉大战金刚,2021-03-26,123257,37.444496,9,6.3,287111,['亚当·温加德'],"['亚历山大·斯卡斯加德', '米莉·波比·布朗', '丽贝卡·豪尔', '凯莉·霍特尔', '布莱恩·泰里·亨利', '小栗旬', '艾莎·冈萨雷斯', '朱利安·迪尼森', '兰斯·莱迪克', '凯尔·钱德勒', '德米安·比齐尔', '哈基姆·凯-卡西姆', '钱信伊', '约翰·皮鲁切洛', '克里斯·乔克', '康兰·卡萨尔', '布拉德·麦克默里', '本杰明·里格比', '普里西拉·道伊西', '戴维·卡斯蒂洛', '吉姆·帕尔默', '柯蒂斯·布什', '皮拉·福德', '爱丽丝·兰斯伯里', '肖恩·麦克布莱德', '乔尔·皮尔斯', '乔恩·奎斯蒂德', '塔斯尼姆·罗克', '艾梅伯·瓦尔斯', '迪索·拉莫斯']","['动作', '科幻', '冒险']","['美国', '澳大利亚', '加拿大', '印度']","['英语', '美国手语']",113
75,寻梦环游记,2017-11-24,123008,33.49183,17,9.1,1618266,"['李·昂克里奇', '阿德里安·莫利纳']","['安东尼·冈萨雷斯', '盖尔·加西亚·贝纳尔', '本杰明·布拉特', '阿兰娜·乌巴赫', '芮妮·维克托', '杰米·卡米尔', '阿方索·阿雷奥', '赫伯特·西古恩萨', '加布里埃尔·伊格莱西亚斯', '隆巴多·博伊尔', '安娜·奥菲丽亚·莫吉亚', '娜塔丽·科尔多瓦', '赛琳娜·露娜', '爱德华·詹姆斯·奥莫斯', '索菲亚·伊斯皮诺萨', '卡拉·梅迪纳', '黛娅娜·欧特里', '路易斯·瓦尔德斯', '布兰卡·阿拉切利', '萨尔瓦多·雷耶斯', '切奇·马林', '奥克塔维·索利斯', '约翰·拉岑贝格']","['喜剧', '动画', '音乐', '奇幻']",['美国'],"['英语', '西班牙语']",105
76,西游记之孙悟空三打白骨精,2016-02-08,119854,36.662888,36,5.6,141995,['郑保瑞'],"['郭富城', '巩俐', '冯绍峰', '小沈阳', '罗子溢', '费翔', '陈慧琳', '阿旺仁青', '彭宇', '程东', '刘楚恬', '余辛', '魏璐', '齐浠儿', '母其弥雅', '张籽沐']","['喜剧', '动作', '奇幻']","['中国大陆', '中国香港']",['汉语普通话'],120
77,悬崖之上,2021-04-30,119149,38.566544,12,7.6,733348,['张艺谋'],"['张译', '于和伟', '秦海璐', '朱亚文', '刘浩存', '倪大红', '李乃文', '余皑磊', '飞凡', '雷佳音', '沙溢', '韩昊霖', '赵毅']","['剧情', '动作', '悬疑']","['中国大陆', '中国香港']","['汉语普通话', '英语', '俄语']",120
78,湄公河行动,2016-09-30,118685,30.444935,24,8.0,727147,['林超贤'],"['张涵予', '彭于晏', '孙淳', '陈宝国', '冯文娟', '刘显达', '赵健', '吴旭东', '吴嘉龙', '卢惠光', '柏华力·莫高彼斯彻', '维他亚·潘斯林加姆', '战立国', '石占杰', '伍麟凯', '魏蔓', '李佳璇', '郝文婷', '王笑龙', '任蕊']","['剧情', '动作', '犯罪']","['中国大陆', '中国香港']","['汉语普通话', '粤语', '泰语', '缅甸语', '英语']",124
79,叶问4：完结篇,2019-12-20,118170,35.41724,11,6.8,285821,['叶伟信'],"['甄子丹', '吴樾', '吴建豪', '斯科特·阿金斯', '李宛妲', '郑则仕', '陈国坤', '敖嘉年', '高战', '叶禾', '熊黛林', '罗莽', '刘敬宇', '史蒂文·达兹']","['剧情', '动作']","['中国大陆', '中国香港']","['粤语', '英语', '汉语普通话']",107
80,加勒比海盗5：死无对证,2017-05-26,118007,35.81335,22,7.2,358281,"['艾斯彭·山德伯格', '乔阿吉姆·罗恩尼']","['约翰尼·德普', '布伦顿·思韦茨', '卡雅·斯考达里奥', '杰弗里·拉什', '哈维尔·巴登', '格什菲·法拉哈尼', '奥兰多·布鲁姆', '凯文·麦克纳利', '凯拉·奈特莉', '斯蒂芬·格拉汉姆', '大卫·文翰', '保罗·麦卡特尼', '马丁·科勒巴', '亚当·布朗', '丹尼·基兰', '马赫什·扎杜', '胡安·卡洛斯·凡希多']","['动作', '奇幻', '冒险']",['美国'],['英语'],129
81,长城,2016-12-16,117311,35.158714,21,4.9,392023,['张艺谋'],"['马特·达蒙', '景甜', '佩德罗·帕斯卡', '刘德华', '威廉·达福', '张涵予', '鹿晗', '彭于晏', '林更新', '郑恺', '黄轩', '陈学冬', '王俊凯', '余心恬', '刘恩佳', '李亨', '李京沐', '纽曼·阿卡', '约翰尼·希科', '皮鲁·埃斯贝克', '李彦']","['动作', '奇幻', '冒险']","['中国大陆', '美国']","['英语', '汉语普通话']",104
82,心花路放,2014-09-30,116958,34.440758,36,7.2,528466,['宁浩'],"['黄渤', '徐峥', '袁泉', '周冬雨', '陶慧', '岳小军', '沈腾', '张俪', '马苏', '刘美含', '王砚辉', '焦俊艳', '郭涛', '李晨', '熊乃瑾', '夏雨', '刘仪伟', '雷佳音', '雍梦婷', '梁浩']","['喜剧', '爱情']",['中国大陆'],"['汉语普通话', '粤语', '云南方言']",118
83,煎饼侠,2015-07-17,116018,32.674587,39,5.8,375091,['大鹏'],"['大鹏', '袁姗姗', '柳岩', '吴君如', '曾志伟', '岳云鹏', '衣云鹤', '梁超', '潘斌龙', '崔志佳', '乔杉', '郭采洁', '邓超', '尚格·云顿', '小沈阳', '宋小宝', '刘小光', '王小利', '陈思诚', '林更新', '陈羽凡', '胡海泉', '韩寒', '陈赫', '郑恺', '包贝尔', '郑伊健', '陈小春', '谢天华', '林晓峰']",['喜剧'],['中国大陆'],"['汉语普通话', '英语', '粤语']",113
84,金刚：骷髅岛,2017-03-24,115892,35.14932,20,6.5,229518,['乔丹·沃格特-罗伯茨'],"['汤姆·希德勒斯顿', '塞缪尔·杰克逊', '布丽·拉尔森', '约翰·C·赖利', '约翰·古德曼', '科里·霍金斯', '约翰·奥提兹', '景甜', '托比·凯贝尔', '杰森·米切尔', '谢伊·惠格姆', '托马斯·曼', '尤金·科德罗', '马克·埃文·杰克逊', '威尔·布里顿', '石原贵雅', '理查德·詹金斯', '艾琳·瑞秋', '罗伯特·泰勒', '詹姆斯·M.康纳', '托马斯·米德蒂奇', '布莱恩·萨卡', '乔恩·奎斯蒂德', '达特·樊', '吴辛惠', '贝丝·肯尼迪', '泰瑞·诺塔里', '莫伊塞斯·阿里亚斯', '拉吉·K.波斯', '丹·格伦伯格', 'Mitchell L. Johnson', '凯文·肯特', '肖恩·麦克布莱德', '萨尔瓦多·梅伦达', '艾琳·莫里亚蒂', '托西克欧尼扎瓦', '尼克·罗宾森']","['动作', '奇幻', '冒险']","['美国', '中国大陆']","['英语', '越南语']",119
85,大黄蜂,2019-01-04,114973,35.910618,11,7.0,370397,['特拉维斯·奈特'],"['海莉·斯坦菲尔德', '小豪尔赫·兰登伯格', '约翰·塞纳', '杰森·德鲁克', '帕梅拉·阿德龙', '斯蒂芬·施耐德', '里卡多·霍约斯', '约翰·奥提兹', '格林·特鲁曼', '兰·卡琉', '格蕾丝·达斯恩妮', '弗里德·杜莱尔', '蓝尼·雅各布森 ', '梅金·普莱斯', '萨钦·巴特', '蒂姆·马丁·格里森', '安东尼奥·查丽蒂', '艾德文·霍德吉', '拉斯·斯兰德', '迪伦·奥布莱恩', '彼特·库伦', '安吉拉·贝塞特', '贾斯汀·塞洛克斯', '大卫·索博洛夫', '格蕾·德丽斯勒', '史蒂夫·布卢姆', '安德鲁·莫尔加多', '威廉·W·巴伯', '罗伯特·切斯纳特', '米歇尔·毛', '克里斯蒂安·哈切森', '里克·理查森', '瓦内萨·罗斯', '波士顿·拉什·弗里曼', '托尼·托斯特', '迪娜·特鲁迪', '艾蒂安·维克']","['动作', '科幻', '冒险']","['美国', '中国大陆']",['英语'],114
86,金刚川,2020-10-23,112697,36.991623,8,6.5,304134,"['管虎', '郭帆', '路阳']","['张译', '吴京', '李九霄', '魏晨', '邓超', '欧豪', '邱天', '周思羽', '刘显达', '石昊正']","['剧情', '战争']",['中国大陆'],"['汉语普通话', '英语']",122
87,极限特工：终极回归,2017-02-10,112517,36.20821,23,5.6,110988,['D·J·卡卢索'],"['范·迪塞尔', '甄子丹', '迪皮卡·帕度柯妮', '吴亦凡', '鲁比·罗丝', '塞缪尔·杰克逊', '妮娜·杜波夫', '托尼·贾', '托妮·科莱特', '赫敏·科菲尔德', '阿尔·萨皮恩扎', '艾斯·库珀', '内马尔', '罗伊·麦克凯恩', '迈克尔·比斯平']","['动作', '冒险']",['美国'],['英语'],107
88,误杀2,2021-12-17,112143,39.25772,9,5.7,343872,['戴墨'],"['肖央', '任达华', '文咏珊', '陈雨锶', '宋洋', '李治廷', '张世', '尹子维', '姜皓文', '陈昊', '周楚濋', '王昊泽', '强巴才丹']","['剧情', '犯罪']",['中国大陆'],['汉语普通话'],118
89,澳门风云3,2016-02-08,111640,35.636642,36,4.4,145622,"['王晶', '刘伟强']","['周润发', '刘德华', '张家辉', '张学友', '余文乐', '李宇春', '刘嘉玲', '王诗龄', '向佐', '胡然', '元秋', '鸟叔', '童飞', '罗家英', '卢海鹏']","['喜剧', '动作']","['中国香港', '中国大陆']","['汉语普通话', '粤语']",112
90,生化危机：终章,2017-02-24,110949,34.683666,20,6.5,255705,['保罗·安德森'],"['米拉·乔沃维奇', '伊恩·格雷', '艾丽·拉特', '鲁比·罗丝', '李准基', '肖恩·罗伯茨', '威廉·莱维', '欧文·马肯', '萝拉', '艾尔·安德森', '密尔顿·施尔', '西沃恩·霍奇森', '凯文·奥托', '保罗·汉普赛尔']","['动作', '科幻', '恐怖']","['美国', '德国', '法国', '加拿大', '南非', '澳大利亚', '英国', '日本', '中国大陆']",['英语'],106
91,攀登者,2019-09-30,110433,36.990734,21,6.0,313027,['李仁港'],"['吴京', '章子怡', '井柏然', '张译', '胡歌', '成龙', '陈龙', '多布杰', '何琳', '刘小锋', '拉旺罗布', '曲尼次仁', '王景春']","['剧情', '爱情', '冒险']",['中国大陆'],"['汉语普通话', '藏语']",125
92,变形金刚3,2011-07-21,107095,41.80155,54,7.2,339111,['迈克尔·贝'],"['希亚·拉博夫', '罗茜·汉丁顿-惠特莉', '乔什·杜哈明', '约翰·特托罗', '泰瑞斯·吉布森', '帕特里克·德姆西', '弗兰西斯·麦克多蒙德', '约翰·马尔科维奇', '凯文·杜恩', '朱丽叶·怀特', '艾伦·图代克', '郑肯', '格伦·莫肖尔', '莱斯特·斯派特', '巴兹·奥德林', '比尔·奥雷利', '拉维尔·伊斯亚诺夫', 'Dustin Dennard', '斯科特·C·罗伊', '詹姆斯·D·韦斯顿二世', '米卡尔·威戈', '肯尼·谢尔德', '乔什·凯利', '安庆名惠子', '拉莫尼卡·加勒特', '约翰托宾', '拉里·克拉克', '汤姆·维图', '托马斯·克劳福德', '凯文·塞兹摩尔', '阿兰·皮特鲁塞泽维斯基', '迈克尔·丹尼尔·卡萨迪', '皮特·穆尔尼克', '唐·詹尼斯', '大卫·圣.詹姆斯', '埃利亚·巴斯金', '因纳·克洛姬娜', '凯瑟琳·加蒂', '克里斯·谢菲尔德', '肯·竹本', '明迪·斯特林', '斯蒂芬·泰勒', '安德鲁·达利', '斯科特·克林斯基', '凯瑟琳·西吉斯蒙德', '麦丽·弗拉纳甘', '杰克·阿克塞尔罗德', '梅乐迪丝·梦露', '珍妮弗·威廉姆斯', '丹尼·麦卡锡', '约翰·图尔克', '伊克博·塞巴', '安东尼·阿吉吉', '萨米·谢伊克', '马克·瑞安', '彼特·库伦', '雨果·维文', '伦纳德·尼莫伊', '杰斯·哈梅尔', '查尔斯·阿德勒', '罗伯特·福克沃斯', '詹姆斯·瑞马尔', '弗朗西斯科·奎因', '乔治·科', '汤姆·肯尼', '雷诺·维尔森']","['动作', '科幻']",['美国'],"['英语', '西班牙语', '俄语', '荷兰语']",154
93,侏罗纪世界3,2022-06-10,105956,35.564457,8,6.0,230232,['科林·特莱沃若'],"['克里斯·帕拉特', '布莱丝·达拉斯·霍华德', '劳拉·邓恩', '山姆·尼尔', '杰夫·高布伦', '德汪达·怀斯', '马莫多·阿西', '伊莎贝拉·瑟蒙', '坎贝尔·斯科特', '黄荣亮', '奥玛·希', '贾斯蒂斯·史密斯', '丹妮艾拉·皮内达', '斯科特·黑兹', '迪辰·拉克曼', '克里斯托弗·普拉哈', '芙蕾雅·帕克', '亚历山大·欧文', '埃尔娃·崔尔', '特蕾莎·森登·加西亚', '瓦拉达·塞图', '本·阿什登', '小恩佐·斯奎利诺', '格利尼斯·戴维斯', '摩西·布林斯·普兰提', '柯基·法尔考', '迪米特里“维加斯”蒂瓦约', '乔·阿佐帕迪', '本·库克', '伯纳多·桑托斯']","['动作', '科幻', '冒险']","['美国', '马耳他']",['英语'],146
94,巨齿鲨,2018-08-10,105373,38.287136,21,5.7,209549,['乔·德特杜巴'],"['杰森·斯坦森', '李冰冰', '雷恩·威尔森', '鲁比·罗丝', '赵文瑄', '佩吉·肯尼迪', '杰西卡·麦克娜美', '奥拉维尔·达里·奥拉夫松', '罗伯特·泰勒', '蔡书雅', '丘增', '克利夫·柯蒂斯', '安柚鑫', '罗伯·基帕-威廉姆斯', '维他亚·潘斯林加姆', '安得烈·格兰杰', '蒂姆·王', '史蒂文·A·戴维斯', '托万达·马尼莫', '买红妹']","['动作', '科幻', '惊悚']","['美国', '中国大陆', '中国香港']","['英语', '汉语普通话', '泰语']",115
95,乘风破浪,2017-01-28,104605,36.31127,27,6.8,573913,['韩寒'],"['邓超', '彭于晏', '赵丽颖', '董子健', '金士杰', '易小星', '张本煜', '李荣浩', '高华阳', '李淳', '孙伊涵', '熊黎', '李春嫒', '潘米', '小马达', '金毛期期', '孙启恒', '孙强', '彭菲茗', '贾川西', '张国庆', '程诚', '白珞力', '方励', '郭佳杰', '冷海铭']","['剧情', '喜剧']",['中国大陆'],['汉语普通话'],102
96,西游记之大闹天宫,2014-01-31,104499,41.9303,40,4.3,141174,['郑保瑞'],"['甄子丹', '周润发', '郭富城', '何润东', '海一天', '夏梓桐', '陈乔恩', '陈慧琳', '梁咏琪', '张梓琳', '郑家星', '刘桦', '张兆辉', '罗子溢', '李菁', '汪圆圆', '梁雨恩']","['动作', '奇幻']","['中国大陆', '中国香港']","['汉语普通话', '粤语']",119
97,神偷奶爸3,2017-07-07,103791,34.05839,20,6.8,254696,"['凯尔·巴尔达', '皮埃尔·柯芬', '埃里克·吉隆']","['史蒂夫·卡瑞尔', '克里斯汀·韦格', '崔·帕克', '米兰达·卡斯格拉夫', '达纳·盖尔', '内芙·沙雷尔', '皮埃尔·柯芬', '史蒂夫·库根', '朱莉·安德鲁斯', '珍妮·斯蕾特', '迈克尔·贝亚蒂', '安迪·尼曼', '阿德里安·奇斯卡托', '布莱恩·T·德莱尼', '肯·道里欧']","['喜剧', '动画', '冒险']",['美国'],['英语'],90
98,刺杀小说家,2021-02-12,103518,47.2659,16,6.5,635705,['路阳'],"['雷佳音', '杨幂', '董子健', '于和伟', '郭京飞', '佟丽娅', '董洁', '王圣迪', '杨轶', '刘天佐', '李柄辉', '萧子墨', '双雪涛', '徐建', '刘迅', '李士刚', '袁帅', '任杰', '李军', '陈铁军', '李泰延', '张优', '张戈', '谭天宇', '虞书欣', '高睿菲儿', '吴振熙', '王为成', '黄皓达', '韩陌', '赵尤若男', '康嘉泽', '王洁', '伍艺', '张懿', '李楠', '关乐', '马一萍']","['动作', '奇幻', '冒险']",['中国大陆'],['汉语普通话'],130
99,惊奇队长,2019-03-08,103517,37.17917,14,6.8,491435,"['安娜·波顿', '瑞安·弗雷克']","['布丽·拉尔森', '裘德·洛', '塞缪尔·杰克逊', '本·门德尔森', '安妮特·贝宁', '麦肯娜·格瑞丝', '克拉克·格雷格', '嘉玛·陈', '李·佩斯', '杰曼·翰苏', '拉什纳·林奇', '阿基拉·阿克巴', '科林·福特', '卓库·莫度', '肯内特·米歇尔', '罗伯特·卡辛斯基', '詹姆斯·莫里森', '皮特·普劳泽克', '马修·马希尔', '安东尼·莫利纳利', '马修·弗林·贝罗斯', '加斯顿·达尔莫', '亚当·哈特', '马克·多尔蒂', '雷尼尔·鲁菲诺', '约翰·盖蒂尔', '斯坦·李', '克里斯·埃文斯', '斯嘉丽·约翰逊', '马克·鲁弗洛', '唐·钱德尔']","['动作', '科幻', '冒险']","['美国', '澳大利亚']",['英语'],124
100,狂暴巨兽,2018-04-13,100397,34.81579,13,6.3,160738,['布拉德·佩顿'],"['道恩·强森', '娜奥米·哈里斯', '杰弗里·迪恩·摩根', '玛琳·阿克曼', '杰克·莱西', '乔·曼根尼罗', '玛丽·谢尔顿', 'P·J·伯恩', '德米垂斯·格罗斯', '杰克·奎德', '布里安·希尔', '马特·杰拉德', '李威尹', '尤里亚·费伯', '布鲁斯·布莱克希尔', '杰森·莱尔斯', '马克·威尔斯', '阿莉莎·布鲁克', '亚当·希泰凯尔', '加里·维克斯', '阿诺德·陈']","['动作', '科幻', '冒险']",['美国'],['英语'],107
101,盗墓笔记,2016-08-05,100310,35.231415,27,4.8,178568,['李仁港'],"['井柏然', '鹿晗', '马思纯', '王景春', '张博宇', '涂圣成', '敖嘉年', '姜皓文', '刘蔚森']","['悬疑', '奇幻', '冒险']",['中国大陆'],['汉语普通话'],123
102,功夫熊猫3,2016-01-29,100054,35.60617,25,7.8,353020,"['吕寅荣', '亚历山德罗·卡罗尼']","['杰克·布莱克', '布莱恩·科兰斯顿', '达斯汀·霍夫曼', '安吉丽娜·朱莉', 'J·K·西蒙斯', '成龙', '塞斯·罗根', '刘玉玲', '大卫·克罗斯', '凯特·哈德森', '吴汉章', '兰德尔·杜克·金', '尚格·云顿', '斯蒂尔·加尼翁', '利亚姆·奈特', '韦恩·奈特', '芭芭拉·迪里克森', '阿尔·罗克', '威利·盖斯特', '弗雷德·塔特西奥', '迈克·米切尔', '凯莉·库尼', '斯蒂芬·凯林', '米克·温格特', '蔡明昊', '艾普尔·洪', '帕克斯·朱莉-皮特', '诺克斯·朱莉-皮特', '扎哈拉·朱莉-皮特', '希洛·朱莉-皮特']","['喜剧', '动作', '动画', '冒险']","['美国', '中国大陆']",['英语'],95
103,熊出没·重返地球,2022-02-01,97769,46.636932,16,6.5,30201,['林汇达'],"['张秉君', '张伟', '谭笑', '李婉瑶', '程子洋', '刘思奇']","['喜剧', '动画', '儿童']",['中国大陆'],['汉语普通话'],99
104,奇幻森林,2016-04-15,97684,33.531403,24,7.8,255322,['乔恩·费儒'],"['尼尔·塞西', '比尔·默瑞', '本·金斯利', '伊德里斯·艾尔巴', '露皮塔·尼永奥', '斯嘉丽·约翰逊', '吉安卡罗·埃斯波西托', '克里斯托弗·沃肯', '恩杰伊·安东尼', '盖瑞·山德林', '莎拉·阿林顿', '瑞提什·拉詹']","['剧情', '奇幻', '冒险']","['英国', '美国']",['英语'],106
105,澳门风云2,2015-02-19,97263,39.20782,36,5.6,166190,"['王晶', '张敏']","['周润发', '张家辉', '刘嘉玲', '余文乐', '王诗龄', '胡然', '姜大卫', '童飞', '吴樾', '金巧巧', '黄德斌', '姜皓文', '曾国祥', '袁泉', '曾志伟', '陈百祥', '孟瑶', '刘德华']","['喜剧', '动作']","['中国香港', '中国大陆']","['粤语', '汉语普通话', '泰语', '四川话', '英语']",110
106,比悲伤更悲伤的故事,2019-03-14,95843,30.736097,15,7.7,93379,['元泰渊'],"['权相宇', '李凡秀', '李宝英', '郑爱延', '李汉伟', '申贤俊']",['爱情'],['韩国'],['韩语'],105
107,西游记之大圣归来,2015-07-10,95462,34.659386,34,8.3,668371,['田晓鹏'],"['张磊', '林子杰', '吴文伦', '童自荣', '刘九容', '吴迪', '刘北辰', '赵乾景', '周帅']","['剧情', '动画', '奇幻']",['中国大陆'],"['汉语普通话', '粤语']",89
108,哥斯拉2：怪兽之王,2019-05-31,93740,36.072906,14,6.2,265875,['迈克尔·道赫蒂'],"['凯尔·钱德勒', '维拉·法米加', '米莉·波比·布朗', '章子怡', '渡边谦', '布莱德利·惠特福德', '托马斯·米德蒂奇', '艾莎·辛德斯', '莎莉·霍金斯', '查尔斯·丹斯', '大卫·斯特雷泽恩', '小奥谢拉·杰克逊', '希·庞德', '安东尼·拉莫斯', '杰森·莱尔斯', '乔纳森·霍华德', '莱尔·布罗卡托', '兰德尔·P·海文斯', 'T·C·马特恩', '吉米·冈萨雷斯', '萨莎·里翁达', '文斯·福斯特', '贾斯蒂斯·利克', '菲奥娜·哈丁汉姆', '露西·卡罗尔', '约书亚·利瑞', '艾伦·马克森', '肯尼斯·以色列', '阿尔·维森特', '塞西尔·M·亨利', '迈克尔·大卫·育尔', '本杰明·韦弗', '卡梅伦·布鲁姆布罗', '帕蒂·舍尔哈斯', '理查德·多顿', '詹姆斯·斯特林', '麦克斯威尔·海史密斯', '贾斯汀·斯劳特', '肖恩·索斯', '马科·查卡', '蒂莫西·卡尔']","['动作', '科幻', '冒险', '灾难']","['美国', '日本', '中国大陆', '加拿大']",['英语'],132
109,穿过寒冬拥抱你,2021-12-31,93684,42.428276,10,6.0,115237,['薛晓路'],"['黄渤', '贾玲', '朱一龙', '徐帆', '高亚麟', '吴彦姝', '许绍雄', '王骁', '周冬雨', '刘昊然', '乔欣', '王一楠', '刘天佐', '田小洁', '孙茜', '张宥浩', '尚语贤']","['剧情', '爱情']",['中国大陆'],"['汉语普通话', '武汉方言']",124
110,扬名立万,2021-11-11,92669,38.033318,7,7.4,703389,['刘循子墨'],"['尹正', '邓家佳', '喻恩泰', '杨皓宇', '陈明昊', '秦霄贤', '张本煜', '柯达', '邓恩熙', '余皑磊', '白客', '赵文瑄', '小爱', '周奇']","['剧情', '喜剧', '悬疑']",['中国大陆'],['汉语普通话'],123
111,无名,2023-01-22,90432,53.00308,20,6.7,552810,['程耳'],"['梁朝伟', '王一博', '周迅', '黄磊', '森博之', '大鹏', '王传君', '江疏影', '张婧仪', '周生昊', '董易', '古川岳史 ', '彭广', '赵左', '高曙光', '美浓轮泰史', '金子浩拓 ', '三浦研一', '吴映', '李欣', '徐婧荧']","['剧情', '悬疑', '历史']",['中国大陆'],"['汉语普通话', '沪语', '粤语', '日语']",128
112,超时空同居,2018-05-18,90307,33.010834,12,6.8,509994,['苏伦'],"['雷佳音', '佟丽娅', '张衣', '于和伟', '王正佳', '陶虹', '李念', '李光洁', '杨玏', '范明', '徐峥', '杨迪', '方龄', '陈昊']","['喜剧', '爱情', '奇幻']",['中国大陆'],['汉语普通话'],101
113,老炮儿,2015-12-24,90116,31.459543,38,7.5,754138,['管虎'],"['冯小刚', '许晴', '张涵予', '刘桦', '李易峰', '吴亦凡', '梁静', '白举纲', '于和伟', '连奕名', '尚语贤', '鲁诺', '管宗祥', '尹力', '余皑磊', '宁浩', '江珊', '张译', '郭京飞', '张鲁一', '赵毅', '梁天', '张一山', '王俊凯', '王源', '易烊千玺', '巴图']","['剧情', '犯罪']",['中国大陆'],['汉语普通话'],137
114,阿丽塔：战斗天使,2019-02-22,89693,37.834686,14,7.5,587102,['罗伯特·罗德里格兹'],"['罗莎·萨拉查', '克里斯托弗·瓦尔兹', '基恩·约翰逊', '艾德·斯克林', '马赫沙拉·阿里', '詹妮弗·康纳利', '杰基·厄尔·哈利', '拉娜·康多', '小豪尔赫·兰登伯格', '艾莎·冈萨雷斯', '卡斯帕·范·迪恩', '米歇尔·罗德里格兹', '爱德华·诺顿', '杰夫·法赫', '山姆麦地那', '德里克·梅耶斯', '艾丽·拉蒙特', '豪尔赫·A·希门尼斯', '马克·扎罗', '比利·布莱尔', '伦纳德·吴', '特里斯坦·里格斯', '迈克尔·洛夫·托利弗', '金', '达塞尔·丹妮尔', '马克·A·怀特']","['动作', '科幻', '冒险']","['美国', '日本', '加拿大']","['英语', '西班牙语']",122
115,绝地逃亡,2016-07-21,88769,34.733532,25,5.7,94340,['雷尼·哈林'],"['成龙', '范冰冰', '约翰尼·诺克斯维尔', '曾志伟', '王敏德', '赵文瑄', '伊芙·托雷斯', '郭品超', '施诗', '延政勋', '张蓝心', '吉丽', '托马尔·奥兹', '保罗·菲利普·克拉克', '吴耀汉']","['喜剧', '动作']","['中国大陆', '美国', '中国香港']","['汉语普通话', '英语', '俄语']",111
116,智取威虎山,2014-12-23,88348,41.353405,28,7.7,383726,['徐克'],"['张涵予', '梁家辉', '林更新', '余男', '佟丽娅', '韩庚', '陈晓', '谢苗', '吴旭东', '杜奕衡', '海一天', '张立', '释彦能', '孙蛟龙', '程思寒', '元武', '肖轶', '王尧', '杨一威', '苏翊鸣']","['剧情', '动作', '战争', '冒险']","['中国大陆', '中国香港']","['汉语普通话', '英语']",143
117,十二生肖,2012-12-20,88176,40.26582,37,6.8,348403,['成龙'],"['成龙', '权相宇', '廖凡', '姚星彤', '张蓝心', '白露娜', '刘承俊', '吴彦祖', '舒淇', '李宗盛', '陈柏霖', '卢惠光', '耿长军', '白冰', '林鹏']","['喜剧', '动作', '冒险']","['中国大陆', '中国香港']","['英语', '汉语普通话', '粤语', '法语', '西班牙语']",122
118,银河补习班,2019-07-18,87832,34.11227,16,6.2,360939,"['邓超', '俞白眉']","['邓超', '白宇', '任素汐', '王西', '孙浠伦', '李建义', '梁超', '邵兵', '王戈', '吴亚衡', '魏尊', '冯泽昂', '吴京']",['剧情'],['中国大陆'],['汉语普通话'],147
119,星际穿越,2014-11-12,87697,35.246487,23,9.4,1767743,['克里斯托弗·诺兰'],"['马修·麦康纳', '安妮·海瑟薇', '杰西卡·查斯坦', '麦肯吉·弗依', '卡西·阿弗莱克', '迈克尔·凯恩', '马特·达蒙', '提莫西·查拉梅', '艾伦·伯斯汀', '约翰·利思戈', '韦斯·本特利', '大卫·吉亚西', '比尔·欧文', '托弗·戈瑞斯', '科莱特·沃夫', '弗朗西斯·X.麦卡蒂', '安德鲁·博尔巴', '乔什·斯图沃特', '莱雅·卡里恩斯', '利亚姆·迪金森', '杰夫·赫普内尔', '伊莱耶斯·加贝尔', '布鲁克·史密斯', '大卫·奥伊罗', '威廉姆·德瓦内', '拉什·费加', '格里芬·弗雷泽', '弗洛拉·诺兰']","['剧情', '科幻', '冒险']","['美国', '英国', '加拿大']",['英语'],169
120,碟中谍5：神秘国度,2015-09-08,86806,32.779945,26,7.9,317130,['克里斯托弗·麦奎里'],"['汤姆·克鲁斯', '杰瑞米·雷纳', '丽贝卡·弗格森', '西蒙·佩吉', '文·瑞姆斯', '西恩·哈里斯', '西蒙·迈克伯尼', '汤姆·霍兰德尔', '延斯·赫尔腾', '亚历克·鲍德温', '张静初', '马特罗·鲁菲诺', '费尔南多·阿巴迪', '亚历克·乌特戈夫', '赫敏·科菲尔德', '奈吉尔·巴伯', 'William Roberts', '巴纳巴斯·雷蒂', '罗伯特‧马瑟', '沃尔夫冈·施特格曼', '阿美莉嘉·奥利沃', '斯特拉·斯托克尔', '劳伦斯·鲁波', '沃尔夫冈·塞尔尼', '鲁珀特·威克姆', '彼得·斯塔克', '雷切尔·汉德肖', '肖恩·克罗宁', '亚森·阿图', '明格斯·约翰斯顿', '奥赛·伊克希尔', '奈杰尔·艾伦', 'Femi Ogunbanjo', 'Thomas Anton', '拉斯科·阿特金斯', '查尔斯·巴巴洛拉', '理查德·班克斯', '劳拉·伯纳德斯基', '埃里克·可可', '贝恩·科拉科']","['动作', '惊悚', '冒险']","['美国', '中国大陆', '奥地利', '英国', '摩洛哥']","['英语', '瑞典语', '德语']",131
121,温暖的抱抱,2020-12-31,86414,37.13156,11,5.2,182448,['常远'],"['常远', '李沁', '沈腾', '乔杉', '马丽', '艾伦', '田雨', '王智', '魏翔', '王宁', '黄才伦', '张一鸣', '王成思', '张子栋', '陈昊明', '吴莫愁']",['喜剧'],['中国大陆'],['汉语普通话'],112
122,冰雪奇缘2,2019-11-22,86077,34.397697,11,7.0,374892,"['克里斯·巴克', '珍妮弗·李']","['克里斯汀·贝尔', '伊迪娜·门泽尔', '乔什·加德', '乔纳森·格罗夫', '杰森·雷特', '埃文·蕾切尔·伍德', '斯特林·K·布朗', '玛莎·普林顿', '圣蒂诺·方塔纳', '阿尔弗雷德·莫里纳', '瑞秋·马休斯']","['喜剧', '动画', '歌舞', '冒险']",['美国'],['英语'],103
123,我的姐姐,2021-04-02,86020,36.802753,9,6.9,362125,['殷若昕'],"['张子枫', '肖央', '朱媛媛', '段博文', '梁靖康', '金遥源', '王圣迪', '孙嘉灵', '陈永胜', '朴松日']","['剧情', '家庭']",['中国大陆'],"['汉语普通话', '四川话']",127
124,夺冠,2020-09-25,83677,38.80761,10,7.1,426155,['陈可辛'],"['巩俐', '黄渤', '吴刚', '彭昱畅', '白浪', '朱婷', '徐云丽', '张常宁', '姚迪', '林莉', '刘晓彤', '颜妮', '惠若琪', '丁霞', '袁心玥', '龚翔宇', '李现', '刘敏涛', '陈展', '罗慧', '毛雯', '李紫微', '李冬徐', '马雪纯', '刘畅', '刘贞宏', '凌敏', '李阳一', '刘晨曦']","['剧情', '运动']","['中国大陆', '中国香港']","['汉语普通话', '英语', '日语', '葡萄牙语']",135
125,深海,2023-01-22,83517,47.073193,16,7.3,283093,['田晓鹏'],"['苏鑫', '王亭文', '滕奎兴', '杨婷', '吉静', '郭浩然', '田晓鹏', '董一', '方韬辰']","['动画', '奇幻']",['中国大陆'],['汉语普通话'],112
126,狮子王,2019-07-12,83387,35.99164,16,7.2,349457,"['罗杰·阿勒斯', '罗伯·明可夫']","['乔纳森·泰勒·托马斯', '马修·布罗德里克', '杰瑞米·艾恩斯', '詹姆斯·厄尔·琼斯', '莫伊拉·凯利', '内森·连恩', '尼基塔·卡兰姆', '埃林·萨贝拉', '乌比·戈德堡', '罗温·艾金森']","['动画', '歌舞', '冒险']",['美国'],"['英语', '斯瓦希里语', '科萨语', '祖鲁语']",89
127,蚁人2：黄蜂女现身,2018-08-24,83157,36.05231,15,7.3,435072,['佩顿·里德'],"['保罗·路德', '伊万杰琳·莉莉', '迈克尔·佩纳', '汉娜·乔恩-卡门', '沃尔顿·戈金斯', '鲍比·坎纳瓦尔', '朱迪·格雷尔', 'T.I.', '大卫·达斯马齐连', '艾比·莱德·弗特森', '兰道尔·朴', '米歇尔·菲佛', '劳伦斯·菲什伯恩', '迈克尔·道格拉斯', '戈兰·卡斯蒂克', '罗布·阿切尔', '肖恩·克莱尔', '本·戴维斯', '迈克尔·瑟沃瑞斯', '达克斯·格里芬', '海莉·洛维特', '玛德琳·麦格劳', '蒂姆·海德克', '布莱恩·赫斯基', '朱莉娅·维拉', '布莱恩·卢戈', '托里·沃格尔', '汤姆·夏普林', '斯坦·李', '约瑟夫·阿梅', '安迪·阿尼斯', '威廉·W·巴伯', '玛塞拉·布拉吉奥', '塞尔吉奥·布里奥内斯', '乔·布卡罗三世', '蒂莫西·卡尔', '贾迈尔·钱伯斯', '扎卡里·卡伯森', '雅各布·埃文斯', '米歇尔·毛', '盖尔·甘布尔', '克里斯·加恩', '约翰·盖蒂尔', '杰克·汉森', '卡茜·亨德利']","['动作', '科幻', '冒险']",['美国'],['英语'],118
128,星球大战：原力觉醒,2016-01-09,82426,37.234848,24,7.2,213742,['J·J·艾布拉姆斯'],"['哈里森·福特', '马克·哈米尔', '凯丽·费雪', '亚当·德赖弗', '黛西·雷德利', '约翰·博耶加', '多姆纳尔·格里森', '奥斯卡·伊萨克', '露皮塔·尼永奥', '安迪·瑟金斯', '安东尼·丹尼尔斯', '彼德·梅犹', '马克斯·冯·叙多夫', '比利·迪·威廉姆斯', '艾德·斯皮伊尔斯', '马修·詹姆斯·托马斯', '肯尼·贝克', '格温多兰·克里斯蒂', '西蒙·佩吉', '克里斯塔·克拉克', '匹普·安德森']","['动作', '科幻', '冒险']",['美国'],['英语'],138
129,唐人街探案,2015-12-31,82334,31.74618,33,7.7,820434,['陈思诚'],"['王宝强', '刘昊然', '佟丽娅', '陈赫', '肖央', '小沈阳', '潘粤明', '马浴柯', '张子枫', '赵英俊', '桑平', '金士杰', '大鹏', '张国强', '李叶青', '陈祉希', '戴墨']","['喜剧', '动作', '悬疑']",['中国大陆'],"['汉语普通话', '泰语', '英语']",135
130,从你的全世界路过,2016-09-29,81334,31.217215,22,5.3,333823,['张一白'],"['邓超', '白百何', '杨洋', '张天爱', '岳云鹏', '杜鹃', '柳岩', '廖学秋', '曹卫宇', '汪启楠', '安韩瑾', '潘肖', '曹涤非', '朱红', '刘乐思', '蓝可', '梁超', '张爱钦', '张美娥']","['喜剧', '爱情']",['中国大陆'],['汉语普通话'],113
131,X战警：天启,2016-06-03,80091,34.448685,23,7.7,369370,['布莱恩·辛格'],"['詹姆斯·麦卡沃伊', '迈克尔·法斯宾德', '詹妮弗·劳伦斯', '尼古拉斯·霍尔特', '奥斯卡·伊萨克', '罗丝·伯恩', '埃文·彼得斯', '休·杰克曼', '乔什·赫尔曼', '苏菲·特纳', '泰伊·谢里丹', '卢卡斯·提尔', '柯蒂·斯密特-麦菲', '本·哈迪', '亚历山德拉·希普', '拉娜·康多', '奥立薇娅·玛恩']","['动作', '科幻', '奇幻', '冒险']",['美国'],"['英语', '德语', '阿拉伯语', '波兰语', '古埃及语']",144
132,反贪风暴4,2019-04-04,79905,34.990177,11,5.9,165759,['林德禄 '],"['古天乐', '郑嘉颖', '林峯', '林家栋', '周秀娜', '张智霖', '谭耀文', '张继聪', '蔡瀚亿', '廖启智', '艾威', '卢海鹏', '夏嫣', '黄祥兴', '张松枝', '张建声', '栢天男', '丁海峰', '刘梦娜', '陈静', '朱鉴然', '苏宸褕', '石修', '陈曼娜', '关礼杰', '薛世恒']","['动作', '犯罪']","['中国香港', '中国大陆']","['粤语', '汉语普通话']",96
133,无名之辈,2018-11-16,79452,34.597515,12,8.0,997871,['饶晓志'],"['陈建斌', '任素汐', '潘斌龙', '章宇', '王砚辉', '九孔', '马吟吟', '程怡', '宁桓宇', '邓恩熙', '谢波', '范翔', '赵梓冲', '史策', '马睿瀚', '林海', '邓钢']","['剧情', '喜剧']",['中国大陆'],"['汉语普通话', '贵州方言']",108
134,你的婚礼,2021-04-30,78920,37.587566,15,4.7,168784,['韩天'],"['许光汉', '章若楠', '丁冠森', '晏紫东', '郭丞', '王莎莎', '梁靖康', '刘迅']",['爱情'],['中国大陆'],['汉语普通话'],115
135,北京遇上西雅图之不二情书,2016-04-29,78538,33.515335,24,6.4,248171,['薛晓路'],"['汤唯', '吴秀波', '惠英红', '秦沛', '吴彦姝', '颜卓灵', '王志文', '陆毅', '祖峰', '王茜', '刘志宏', '张一白', '艾丽娅', '李灿森', '陈创', '韩张']","['喜剧', '爱情']","['中国大陆', '中国香港']","['汉语普通话', '英语', '粤语']",131
136,蜘蛛侠：英雄归来,2017-09-08,77477,35.15436,16,7.3,421244,['乔·沃茨'],"['汤姆·赫兰德', '小罗伯特·唐尼', '玛丽莎·托梅', '迈克尔·基顿', '雅各布·巴特朗', '托尼·雷沃罗利', '赞达亚', '乔恩·费儒', '亚伯拉罕·阿塔哈', '劳拉·哈里尔', '迈克尔·巴尔别里', '罗根·马歇尔-格林', '马丁·斯塔尔', '唐纳德·格洛弗', '汉尼拔·布勒斯', '迈克尔·曼多', '博基姆·伍德拜因', '肯尼斯·崔', '詹妮弗·康纳利', '格温妮斯·帕特洛', '克里斯·埃文斯']","['动作', '科幻', '冒险']",['美国'],['英语'],133
137,叶问3,2016-03-04,76948,38.843933,23,6.7,162950,['叶伟信'],"['甄子丹', '迈克·泰森', '张晋', '熊黛林', '谭耀文', '吴千语', '喻亢', '郑则仕', '梁家仁', '张继聪', '陈国坤', '刘以达', '宗菲', '曹操', '王实', '崔璨', '刘艺菲']","['剧情', '动作', '传记', '历史']","['中国大陆', '中国香港']","['汉语普通话', '粤语', '英语']",105
138,人潮汹涌,2021-02-12,76235,41.317875,10,6.5,387405,['饶晓志'],"['刘德华', '肖央', '万茜', '程怡', '黄小蕾', '国义骞', '狄志杰', '郭京飞', '刘天佐', '路阳', '郭帆', '刘浩良', '饶晓志', '雷佳音', '史航', '魏之皓', '王学兵', '林海', '隋凯', '卫莱', '邵逸凡']","['喜剧', '犯罪']","['中国大陆', '中国香港']",['汉语普通话'],119
139,霍比特人3：五军之战,2015-01-23,76129,45.45982,30,8.6,372626,['彼得·杰克逊'],"['马丁·弗瑞曼', '伊恩·麦克莱恩', '理查德·阿米蒂奇', '伊万杰琳·莉莉', '李·佩斯', '卢克·伊万斯', '本尼迪克特·康伯巴奇', '肯·斯托特', '詹姆斯·内斯比特', '比利·康诺利', '凯特·布兰切特', '伊安·霍姆', '克里斯托弗·李', '雨果·维文', '奥兰多·布鲁姆', '马努·贝内特', '艾丹·特纳', '迪恩·奥戈曼', '格拉汉姆·麦克泰维什', '斯蒂芬·弗雷', '米卡埃尔·佩斯布兰特']","['动作', '奇幻', '冒险']","['美国', '新西兰']",['英语'],144
140,大闹天竺,2017-01-28,75611,35.56586,31,3.7,119974,['王宝强'],"['王宝强', '白客', '岳云鹏', '柳岩', '黄渤', '林永健', '马浴柯', '陈佩斯', '朱时茂', '王祖蓝', '刘昊然']","['喜剧', '动作', '冒险']",['中国大陆'],['汉语普通话'],100
141,钢铁侠3,2013-05-01,75486,41.834854,33,7.9,415142,['沙恩·布莱克'],"['小罗伯特·唐尼', '盖·皮尔斯', '格温妮斯·帕特洛', '本·金斯利', '唐·钱德尔', '保罗·贝坦尼', '丽贝卡·豪尔', '乔恩·费儒', '泰·辛普金斯', '威廉姆·赛德勒', '詹姆斯·戴尔', '伊芳·齐玛', '阿什利·汉弥尔顿', '王学圻', '范冰冰']","['动作', '科幻']","['美国', '中国大陆']","['英语', '汉语普通话']",134
142,无问西东,2018-01-12,75432,31.431118,18,7.5,706557,['李芳芳'],"['章子怡', '黄晓明', '张震', '王力宏', '陈楚生', '铁政', '祖峰', '米雪', '王盛德', '韩童生', '王鑫', '郑铮', '章泽天', '黄梦莹', '林美秀', '保罗·菲利普·克拉克', '胡家华', '伊娜', '吴谨言', '纪帅', '王天泽', '伍麟凯', '都星言']","['剧情', '爱情', '战争']",['中国大陆'],['汉语普通话'],138
143,奇异博士,2016-11-04,75020,34.8847,18,6.3,225594,['山姆·雷米'],"['本尼迪克特·康伯巴奇', '伊丽莎白·奥尔森', '切瓦特·埃加福', '本尼迪克特·黄', '索契尔·戈麦斯', '瑞秋·麦克亚当斯', '迈克尔·斯图巴', '帕特里克·斯图尔特', '海莉·阿特维尔', '约翰·卡拉辛斯基', '拉什纳·林奇', '安松·蒙特', '查理兹·塞隆', '希拉·阿蒂姆', '亚当·赫吉尔', '亚子·米切尔', '杨沫沫', '丹尼尔·斯温', '多波·雷斯尼怀罗', '伊登·纳森森', '维尼·莫利', '大卫·谢', '乔丹·亚历桑德拉', '迈克尔·沃尔德伦', '朱利安·希威德', '杰特·克莱恩', '布鲁斯·坎贝尔', '马里安·洛伦西克']","['动作', '科幻', '恐怖', '奇幻', '冒险']",['美国'],"['英语', '西班牙语']",126
144,神秘巨星,2018-01-19,74708,30.02213,17,7.7,406310,['阿德瓦·香登'],"['塞伊拉·沃西', '梅·维贾', '阿米尔·汗', '拉杰·阿晶', '提斯·沙马', '卡比尔·谢赫', '法如克·贾法尔', '马努杰·沙玛', '莫娜·安伯加卡尔', '尼基塔·阿南德', '尚', '莫纳利·塔库尔']","['剧情', '音乐']",['印度'],"['印地语', '英语']",150
145,雷神3：诸神黄昏,2017-11-03,74371,35.466118,15,7.4,402549,['塔伊加·维迪提'],"['克里斯·海姆斯沃斯', '汤姆·希德勒斯顿', '凯特·布兰切特', '伊德里斯·艾尔巴', '杰夫·高布伦', '泰莎·汤普森', '卡尔·厄本', '马克·鲁弗洛', '安东尼·霍普金斯', '本尼迪克特·康伯巴奇', '塔伊加·维迪提', '瑞切尔·豪斯', '克兰西·布朗', '浅野忠信', '雷·史蒂文森', '扎克瑞·莱维', '卢克·海姆斯沃斯', '马特·达蒙', '山姆·尼尔', '夏洛特·尼克道', '斯坦·李']","['动作', '奇幻', '冒险']",['美国'],['英语'],130
146,天将雄师,2015-02-19,74201,40.640205,38,6.0,109351,['李仁港'],"['成龙', '约翰·库萨克', '艾德里安·布洛迪', '崔始源', '林鹏', '王若心', '肖央', '王太利', '洪天照', '刘承俊', '萝莉·佩斯特', '冯绍峰', '吴建豪', '林嘉欣', '沙妮·文森', '西蒙子', '郭洺宇']","['动作', '战争', '古装']","['中国大陆', '中国香港']","['汉语普通话', '英语']",127
147,猩球崛起3：终极之战,2017-09-15,74051,34.9678,16,6.9,215959,['马特·里夫斯'],"['安迪·瑟金斯', '伍迪·哈里森', '斯蒂夫·扎恩', '卡琳·考诺娃', '阿米尔·米勒', '泰瑞·诺塔里', '泰·奥尔森', '迈克尔·亚当思韦特', '托比·凯贝尔', '加布里埃尔·查瓦里亚', '朱迪·格雷尔', '莎拉·坎宁', '德文·达尔顿', '阿莱克斯·潘诺维奇', '亚历桑德罗·朱利安尼', '马克斯·洛伊德-琼斯', '蒂莫西·韦伯']","['剧情', '动作', '科幻']",['美国'],"['英语', '美国手语']",140
148,金刚狼3：殊死一战,2017-03-03,73008,32.372185,16,8.3,413094,['詹姆斯·曼高德'],"['休·杰克曼', '帕特里克·斯图尔特', '达芙妮·基恩', '波伊德·霍布鲁克', '斯戴芬·莫昌特', '伊丽莎白·罗德里格斯', '多丽丝·莫尔加多', '理查德·E·格兰特', '玛丽·佩顿·斯图尔特', '伊利斯·尼尔', '埃里克·拉萨尔', '劳伦·格罗斯', '胡安·贾斯帕', '克日什托夫·索什斯基', '萨博·班克森']","['剧情', '动作', '科幻']",['美国'],"['英语', '西班牙语']",123
149,西游记女儿国,2018-02-16,72741,39.74682,33,4.4,154619,['郑保瑞'],"['郭富城', '冯绍峰', '赵丽颖', '小沈阳', '罗子溢', '林志玲', '梁咏琪', '刘涛', '孙伊涵', '苑琼丹', '潘斌龙', '陈雅丽', '施诗']","['喜剧', '爱情', '奇幻']","['中国大陆', '中国香港']",['汉语普通话'],116
150,X战警：逆转未来,2014-05-23,72293,37.240368,29,8.2,437649,['布莱恩·辛格'],"['休·杰克曼', '詹姆斯·麦卡沃伊', '迈克尔·法斯宾德', '詹妮弗·劳伦斯', '哈莉·贝瑞', '尼古拉斯·霍尔特', '埃文·彼得斯', '伊恩·麦克莱恩', '帕特里克·斯图尔特', '艾利奥特·佩吉', '安娜·帕奎因', '彼特·丁拉基', '肖恩·阿什莫', '卢卡斯·提尔', '丹尼尔·库德摩尔', '波波·斯图尔特', '奥玛·希', '范冰冰', '阿丹·坎托', '乔什·赫尔曼']","['剧情', '动作', '科幻', '冒险']","['美国', '英国']","['英语', '越南语', '法语']",132
151,终结者：创世纪,2015-08-23,72240,36.772095,24,6.9,147885,['阿兰·泰勒'],"['阿诺·施瓦辛格', '杰森·克拉克', '艾米莉亚·克拉克', '杰·科特尼', 'J·K·西蒙斯', '戴奥·奥柯奈伊', '马特·史密斯', '考特尼·万斯', '李秉宪', '迈克尔·盖拉迪斯', '何家蓓', '韦恩·巴斯楚普', '格雷戈里·艾伦·威廉斯', '奥托·桑切斯', '马蒂·费拉罗', '格里夫·弗斯特', '伊恩·埃瑟里奇', '诺兰·格罗斯', '塞思·梅里韦瑟', '阿非莫·奥米拉', '特瑞·韦伯', '凯莉·奥马利']","['动作', '科幻', '冒险']",['美国'],['英语'],126
152,致我们终将逝去的青春,2013-04-26,71902,31.97473,36,6.5,483438,['赵薇 Wei Zhao'],"['杨子姗', '赵又廷', '韩庚', '江疏影', '刘雅瑟', '张瑶', '包贝尔', '郑恺', '王佳佳', '黄宥明', '佟丽娅', '孙玮', '王森', '黄小蕾', '杨澜', '宫哲', '崔文璐', '韩红', '潘虹', '李大光', '马小宁', '郝姗姗']","['剧情', '爱情']",['中国大陆'],['汉语普通话'],132
153,美国队长2,2014-04-04,71898,39.05371,29,8.0,430720,"['安东尼·罗素', '乔·罗素']","['克里斯·埃文斯', '斯嘉丽·约翰逊', '塞巴斯蒂安·斯坦', '安东尼·麦凯', '海莉·阿特维尔', '艾米丽·万凯普', '罗伯特·雷德福', '塞缪尔·杰克逊', '寇碧·史莫德斯', '卡兰·马尔韦', '弗兰克·格里罗', '斯坦·李', '托比·琼斯', '珍妮·艾加特', '乔治·圣皮埃尔', '盖瑞·山德林', '阿兰·戴尔', '黄经汉', '阿德托库姆布斯·麦克马克', '多米尼克·瑞恩斯']","['动作', '科幻', '冒险']",['美国'],"['英语', '法语']",136
154,熊出没·原始时代,2019-02-05,71740,39.035553,22,6.6,23207,"['丁亮', '林汇达']","['张伟', '张秉君', '谭笑', '宋祖儿', '刘思奇', '万丹青', '刘沛', '孟雨田', '张韶涵']","['喜剧', '动画', '冒险']",['中国大陆'],['汉语普通话'],92
155,私人订制,2013-12-19,71347,35.469856,30,5.9,322791,['冯小刚'],"['葛优', '白百何', '李小璐', '郑恺', '范伟', '宋丹丹', '李诚儒', '苗圃', '杜家毅', '梁天', '李咏', '关晓彤', '曹炳琨', '成龙', '王宝强']",['喜剧'],['中国大陆'],['汉语普通话'],118
156,神探大战,2022-07-08,71210,37.89408,8,6.7,281088,['韦家辉'],"['刘青云', '蔡卓妍', '林峯', '李若彤', '谭凯', '陈家乐', '汤怡', '何珮瑜', '吴浩康', '洪天明', '车婉婉', '斌子', '李菁', '马志威', '杨天宇', '胡子彤', '朱鉴然', '马睿瀚']","['动作', '悬疑', '犯罪']","['中国香港', '中国大陆']","['汉语普通话', '粤语']",101
157,猩球崛起2：黎明之战,2014-08-29,70732,36.77872,28,7.7,293689,['马特·里夫斯'],"['安迪·瑟金斯', '杰森·克拉克', '加里·奥德曼', '凯丽·拉塞尔', '托比·凯贝尔', '柯蒂·斯密特-麦菲', '柯克·埃斯沃多', '尼克·瑟斯顿', '泰瑞·诺塔里', '卡琳·考诺娃', '朱迪·格雷尔', '乔恩·阿兹', '恩里克·穆西安诺', '拉勒米·道克·肖', '李·罗斯']","['剧情', '动作', '科幻']",['美国'],"['英语', '美国手语']",130
158,使徒行者2：谍影行动,2019-08-07,70228,36.29202,17,6.2,187100,['文伟鸿'],"['张家辉', '古天乐', '吴镇宇', '姜珮瑶', '张亦驰', '刘宇宁', '黄志忠', '蔡洁', '马德钟', '袁伟豪', '陈山聪', '王君馨', '张宝儿', '江嘉敏', '李忠希', '刘楚恬', '欧瑞伟', '郑启泰', '黄祥兴', '徐荣', '林伟', '吴瑞庭', '卫志豪', '黎振烨', '汤洛雯', '许绍雄', '关婉珊']","['剧情', '动作', '犯罪']","['中国大陆', '中国香港']","['粤语', '汉语普通话']",98
159,画皮2,2012-06-28,70202,41.05247,37,6.1,262582,['乌尔善'],"['周迅', '赵薇 Wei Zhao', '陈坤', '冯绍峰', '杨幂', '费翔', '陈廷嘉', '鲁诺']","['剧情', '爱情', '惊悚', '奇幻']","['中国大陆', '中国香港']",['汉语普通话'],135
160,狼图腾,2015-02-19,70075,39.397194,34,6.9,192197,['让-雅克·阿诺'],"['冯绍峰', '窦骁', '昂哈妮玛', '巴森', '尹铸胜', '黄小蕾']","['剧情', '冒险']","['中国大陆', '法国']","['汉语普通话', '蒙古语']",121
161,铁道飞虎,2016-12-23,69929,36.7024,18,5.1,89297,['丁晟'],"['成龙', '黄子韬', '王凯', '王大陆', '徐帆', '刘德华', '张蓝心', '吴永伦', '桑平', '房祖名', '池内博之', '那威', '何沄伟', '耿长军', '浩歌', '张艺上', '高木贞佑']","['喜剧', '动作']",['中国大陆'],"['汉语普通话', '日语']",124
162,悟空传,2017-07-13,69685,35.916782,17,5.1,226385,['郭子健'],"['彭于晏', '倪妮', '余文乐', '俞飞鸿', '欧豪', '乔杉', '杨迪', '巴音', '王德顺', '李尚恩', '张承阳']","['剧情', '动作', '奇幻']",['中国大陆'],['汉语普通话'],123
163,爸爸去哪儿,2014-01-31,69652,31.801163,40,5.8,88577,"['谢涤葵', '林妍']","['林志颖', '小小志', '王岳伦', '王诗龄', '张亮', '张悦轩', '田亮', '田雨橙', '郭涛', '郭子睿', '李锐', '何炅']","['喜剧', '家庭', '儿童']",['中国大陆'],['汉语普通话'],95
164,环太平洋,2013-07-31,69540,40.411037,38,7.7,456079,['吉尔莫·德尔·托罗'],"['查理·汉纳姆', '菊地凛子', '伊德里斯·艾尔巴', '查理·戴', '朗·普尔曼', '罗伯特·卡辛斯基', '马克斯·马蒂尼', '伯恩·戈曼', '小克利夫顿·克林斯', '芦田爱菜', '迪亚哥·克莱特霍夫', '希瑟·多克森', '罗伯特·梅耶', '刘智福', '刘智满', '刘智堂']","['动作', '科幻', '冒险']",['美国'],"['英语', '日语', '粤语', '汉语普通话', '俄语']",131
165,正义联盟,2017-11-17,69058,35.48468,13,8.1,301445,['扎克·施奈德'],"['本·阿弗莱克', '亨利·卡维尔', '盖尔·加朵', '杰森·莫玛', '埃兹拉·米勒', '雷·费舍尔', '艾米·亚当斯', '威廉·达福', '杰西·艾森伯格', '杰瑞米·艾恩斯', '戴安·琳恩', '康妮·尼尔森', 'J·K·西蒙斯', '塞伦·希德', '郑恺', '安柏·赫德', '乔·莫顿', '丽莎·洛文·孔斯利', '大卫·休里斯', '安·奥戈博莫', '奥古斯塔·艾娃·艾伦德斯杜提尔', '克里斯特比约格·凯尔德', '英格瓦·埃盖特·西古德松', '马克·麦克卢尔', '迈克尔·麦克埃尔哈顿', '约翰·达格尔什', '拉腊·德坎罗', '罗比·基', '吉姆·斯图格恩', '杜晨·科洛斯', '埃莉诺·松浦', '萨曼莎·乔', '布鲁克·恩斯', '杰罗姆·普拉顿', '理查德·克里弗特', '文森特·里奥特', '马克·阿诺德', '彼得·吉尼斯', '赛吉·康斯坦斯', '奥萝尔·劳泽瑞尔', '朱利安·刘易斯·琼斯', '雷·波特', '弗朗西斯·麦基', '科雷西·克莱门斯', '露西·布莱尔斯', '威尔·柯班', '凯伦·布莱森', '克里斯蒂·梅尔', '吉安皮罗·科格诺利', '寇布勒·霍尔德布鲁克-史密斯', '凯文·马图林', '泰勒·詹姆斯', '布鲁斯·钟', '奥赖恩·李', '奥利弗·加茨', '凯莉·波尔克', '奥利弗·鲍威尔', '哈里·列尼斯', '欧米·罗斯', '萨姆·本杰明', '卡拉·古奇诺', '罗素·克劳', '扎克·施奈德']","['动作', '科幻', '奇幻', '冒险']",['美国'],['英语'],242
166,银河护卫队2,2017-05-05,68615,37.273075,17,8.0,441205,['詹姆斯·古恩'],"['克里斯·帕拉特', '佐伊·索尔达娜', '戴夫·巴蒂斯塔', '范·迪塞尔', '布莱德利·库珀', '凯伦·吉兰', '迈克尔·鲁克', '庞·克莱门捷夫', '伊丽莎白·德比茨基', '肖恩·古恩', '库尔特·拉塞尔', '克里斯·沙利文', '大卫·哈塞尔霍夫', '西尔维斯特·史泰龙', '杨紫琼']","['动作', '科幻', '冒险']",['美国'],['英语'],136
167,宠爱,2019-12-31,68364,34.891582,9,5.9,248500,['杨子'],"['于和伟', '吴磊', '张子枫', '钟汉良', '杨子姗', '陈伟霆', '钟楚曦', '檀健次', '阚清子', '郭麒麟', '李兰迪', '郎月婷', '李倩', '龚蓓苾', '余皑磊', '王紫逸']","['剧情', '喜剧', '爱情']",['中国大陆'],['汉语普通话'],108
168,九层妖塔,2015-09-30,68132,34.347466,30,4.4,190495,['陆川'],"['赵又廷', '姚晨', '凤小岳', '李晨', '唐嫣', '冯瓅', '李光洁', '王庆祥', '吴军', '王德顺']","['动作', '惊悚', '冒险']",['中国大陆'],['汉语普通话'],115
169,明日战记,2022-08-05,67942,41.25811,7,6.1,126212,['吴炫辉'],"['古天乐', '刘青云', '刘嘉玲', '姜皓文', '谢君豪', '吴倩', '万国鹏', '张家辉', '刘浩良', '赫子铭']","['动作', '科幻']","['中国香港', '中国大陆']","['汉语普通话', '粤语']",99
170,寒战2,2016-07-08,67661,36.547977,27,7.1,252555,"['梁乐民', '陆剑青']","['郭富城', '梁家辉', '杨采妮', '彭于晏', '李治廷', '文咏珊', '周润发', '马伊琍', '杨祐宁', '张国柱', '吴樾', '周笔畅', '李子雄', '骆应钧', '林文龙']","['剧情', '动作', '犯罪']","['中国大陆', '中国香港']","['汉语普通话', '粤语']",110
171,碟中谍4,2012-01-28,67211,35.086987,43,8.4,418425,['布拉德·伯德'],"['汤姆·克鲁斯', '杰瑞米·雷纳', '西蒙·佩吉', '宝拉·巴顿', '蕾雅·赛杜', '迈克尔·恩奎斯特', '弗拉基米尔·马什科夫', '萨穆里·埃德尔曼', '伊万·舍甫多夫', '亚尼·卡普', '乔什·哈洛威', '帕维尔·克里兹', '米拉吉·格尔比克', '伊利亚·沃里克', '戈兰·纳沃耶克', '拉迪斯拉夫·伯兰', 'Tomás Valík', '兰迪·霍尔', '维塔利·克拉夫琴科', '麦克·多普德', '马丁·哈伯', 'Ivo Novák', 'Marek Dobes', '克劳迪娅·瓦西科娃', '布莱恩·卡斯佩', '佩特拉·卢斯提戈瓦', '艾普尔·斯图瓦特', '安德雷斯·魏斯涅夫斯基', '迪米特里·柴波维特斯基', '道恩·楚拜', '凯斯·达拉斯', 'Tammy Hui', '大卫·斯图尔特', 'Sabrina Morris', '杰西卡·贝尔金', '斯蒂芬·罗波', '米歇尔·莫纳汉', '阿里·奥洛米', '文·瑞姆斯', '米哈利·绍鲍多什', '汤姆·威尔金森']","['动作', '惊悚', '冒险']",['美国'],"['英语', '俄语', '法语', '阿拉伯语', '瑞典语']",133
172,蚁人,2015-10-16,67035,36.10703,22,6.1,55108,['佩顿·里德'],"['保罗·路德', '伊万杰琳·莉莉', '迈克尔·道格拉斯', '米歇尔·菲佛', '乔纳森·梅杰斯', '凯瑟琳·纽顿', '比尔·默瑞', '凯蒂·M·奥布莱恩', '威廉·杰克森·哈珀', '詹姆斯·卡特勒', '大卫·达斯马齐连', '兰道尔·朴', '马克·温曼', '罗斯·穆兰', '汤姆·克拉克', '格雷厄姆·福克斯', '布拉姆德奥·香农·拉玛那', '拉塞尔·巴洛格', '莱昂纳多·泰沃', '帕特里夏·贝尔彻', '马克·埃弗雷特', '鲁本·拉巴萨', '尼尔·汉博格', '塞拉·卡托', '玛丽埃尔·斯科特', '戴·扬', '埃伦海兹', '罗杰·克莱格·史密斯', '汤姆·夏普林', '戴维·贝尔图奇', 'Tianyi Kiy', '寇瑞·斯托尔', '迈克·伍德']","['喜剧', '动作', '科幻', '冒险']",['美国'],['英语'],125
173,摩天营救,2018-07-20,66981,35.184887,18,6.3,166011,['罗森·马歇尔·瑟伯'],"['道恩·强森', '内芙·坎贝尔', '黄经汉', '罗兰·默勒', '诺亚·泰勒', '文峰', '巴勃罗·施瑞博尔', '麦肯纳·罗伯茨', '诺亚·科特雷尔', '昆凌', '艾德里安·霍姆斯', '陆颖颐', '凯文·兰金', '杰特·克莱恩', '拜伦·劳森', '瑞安·汉德利', '布莱恩·何', '黄仁勋', '柯林·科里根', '维努斯·特雷佐', '保罗·麦克吉莱恩', '马特·欧莱瑞', '马泰', '卡洛·余', '王云菲', '吴嘉星', '法比欧·塔索恩', '拉桑德拉·吉布森', 'Vivian Full', '安德烈·胡勒斯', '索姆·卡皮拉', '比特里斯·金', '关永扬']","['动作', '惊悚', '冒险']","['中国香港', '美国']","['英语', '粤语', '汉语普通话']",102
174,分手大师,2014-06-27,66509,33.37043,34,5.1,329605,"['俞白眉', '邓超']","['邓超', '杨幂', '古力娜扎', '栾元晖', '秦越', '许可嘉', '梁超', '赵曼竹', '孙俪', '柳岩', '谢楠']","['喜剧', '爱情']",['中国大陆'],"['汉语普通话', '克里奥尔语', '英语', '日语', '上海话']",116
175,黑豹,2018-03-09,66260,36.06936,17,5.4,89270,['瑞恩·库格勒'],"['利蒂希娅·赖特', '露皮塔·尼永奥', '丹娜·奎里拉', '温斯顿·杜克', '安吉拉·贝塞特', '特诺切·韦尔塔', '马丁·弗瑞曼', '茱莉亚·路易斯-德瑞弗斯', '多米尼克·索恩', '特雷弗·诺亚', '弗洛伦丝·卡松巴', '米凯拉·科尔', '亚历克斯·利维纳利', '梅布尔·卡德纳', '玛丽亚·梅塞德斯·科罗伊', '迈克尔·B·乔丹', '蕾克·贝尔', '罗伯特·约翰·伯克', '迪瓦因·乐福·科纳杜-桑', '安德森·库珀', '伊尔玛-埃斯蒂尔·拉盖尔', '伊萨赫·德·班克尔', '丹尼·萨帕尼', '索佩·阿卢科', '佐拉·威廉姆斯', '玛丽嘉·朱丽叶·阿布妮', '巴阿巴·毛尔', '理查德·希夫', '洁基·伯明翰', '迈克尔·布莱克·克鲁斯', '卡马努·乌斯曼', '小弗洛伊德·安东尼·约翰', '杰梅因·布兰特利', '玛丽亚·特隆', '索尔·洛佩斯', '胡安·卡洛斯·坎图', '多隆·贝尔', '贾迈尔·钱伯斯']","['剧情', '动作', '科幻', '惊悚', '奇幻', '冒险']",['美国'],"['英语', '科萨语', '玛雅语', '法语']",161
176,情圣,2016-12-30,65790,31.282188,18,6.0,163502,"['宋晓飞', '董旭']","['肖央', '闫妮', '小沈阳', '乔杉', '艾伦', '代乐乐', '常远', '克拉拉', '车晓', '田雨', '邓超', '王迅', '周晓鸥', '赵英俊', '岳小军', '徐冬冬', '杨成成', '钟鹿纯', '曹汉超']",['喜剧'],['中国大陆'],['汉语普通话'],116
177,唐山大地震,2010-07-22,65000,37.08052,63,7.8,441193,['冯小刚'],"['徐帆', '张静初', '李晨', '陈道明', '张子枫', '张家骏', '王子文', '陈瑾', '陆毅', '张国强', '杨立新', '吕中', '咏梅', '刘莉莉', '马秋子']","['剧情', '历史', '灾难']","['中国大陆', '中国香港']","['汉语普通话', '唐山话']",139
178,恶棍天使,2015-12-24,64854,29.965164,40,4.4,170983,"['俞白眉', '邓超']","['邓超', '孙俪', '代乐乐', '梁超', '杨新鸣', '王砚辉', '许可嘉', '赵曼竹', '栾元晖', '张鹭', '王双宝']",['喜剧'],['中国大陆'],['汉语普通话'],124
179,来电狂响,2018-12-28,64139,34.942345,14,5.7,282174,['于淼'],"['佟大为', '马丽', '霍思燕', '乔杉', '田雨', '代乐乐', '奚梦瑶', '艾伦', '张晨光', '杨玏', '克拉拉', '许娣', '李萍', '张帆', '徐冬冬', '何泓姗', '姜来', '刘家祎', '杜江', '钟鹿纯', '丁龙儿', '丁歌', '韩昕妤', '耿杨', '李柄熹', '刘润男', '贝镜水', '李伟', '赵宇涵', '马嘉璐', '津玮', 'Aleksandr', '毕大勋', '刘剑', '常诚', 'Natalya', '李恬洁', '贝乐乐']","['剧情', '喜剧']",['中国大陆'],['汉语普通话'],103
180,大侦探皮卡丘,2019-05-10,64070,35.44802,10,6.4,373366,['罗伯·莱特曼'],"['瑞安·雷诺兹', '贾斯蒂斯·史密斯', '凯瑟琳·纽顿', '克里斯·吉尔', '比尔·奈伊', '渡边谦', '瑞塔·奥拉', '苏琪·沃特豪斯', '卡兰·索尼', '普莉安卡·伯福德', '乔丹·朗', '贝恩·科拉科', '卡迪夫·克尔万', '奥马尔·查帕罗', '伯纳多·桑托斯', '大谷育江', '露丝·霍洛克斯', '丹尼尔·厄根', '贾格·帕特尔', '查利·蕾娅·埃斯奎尔', '黛博拉·洛克', '所罗门·塔伊沃·贾斯提费尔德', '尼克·欧文福特', '凯文·马塔迪恩', '迪柏洛', '竹内凉真']","['喜剧', '动画', '奇幻', '冒险']","['美国', '日本', '英国', '加拿大']",['英语'],104
181,惊天魔盗团2,2016-06-24,63771,33.112507,27,6.9,301792,['朱浩伟'],"['杰西·艾森伯格', '马克·鲁弗洛', '伍迪·哈里森', '戴夫·弗兰科', '丹尼尔·雷德克里夫', '丽兹·卡潘', '周杰伦', '桑娜·莱瑟', '迈克尔·凯恩', '摩根·弗里曼', '大卫·沃肖夫斯基', '周采芹', '理查德·莱恩', '亨利·劳埃德-休斯']","['剧情', '悬疑', '犯罪']",['美国'],"['英语', '汉语普通话', '粤语']",130
182,让子弹飞,2010-12-16,63675,39.43557,49,9.0,1649975,['姜文'],"['姜文', '葛优', '周润发', '刘嘉玲', '陈坤', '张默', '姜武', '周韵', '廖凡', '姚橹', '邵兵', '苗圃', '冯小刚', '胡军', '马珂', '白冰', '杜奕衡', '李静', '胡明', '危笑', '杨奇雨', '赵铭']","['剧情', '喜剧', '动作', '西部']","['中国大陆', '中国香港']","['汉语普通话', '四川话', '山西话']",132
183,环太平洋：雷霆再起,2018-03-23,63323,35.434902,13,5.4,237773,['斯蒂文·S·迪奈特'],"['约翰·博耶加', '卡莉·史派妮', '斯科特·伊斯特伍德', '景甜', '伯恩·戈曼', '查理·戴', '阿德里娅·阿霍纳', '张晋', '菊地凛子', '卡兰·布拉尔', '黄恺杰', '伊万娜·萨赫诺', '新田真剑佑', '吉丽', '雪莉·罗德里格斯', '拉哈特·亚当斯', '列维·米登', '达斯汀·克莱尔', '陈梓童', '于谨维', '钱泳辰', '齐柏林·汉密尔顿', '郭家铭', '蓝盈莹', '尼克·塔拉贝', '沙恩·朗吉', '戴杰', '尼克·萨特里亚诺', '丹尼尔·弗雷里格尔', '金桢勋', '菊池润美', '玛德琳·麦格劳', '乔什·斯坦伯', '斯蒂芬妮·阿琳', '卢克·朱迪', '布里德基·萨蒂纳', '小蒂姆·约翰逊', '埃里克·阿达尔', 'Nancy Nugent', '萨曼莎·吉恩', '玛丽莎·拉蒙尼卡', '罗伯特·梅耶', 'Marco Sinigaglia', '安吉·特里克']","['动作', '科幻', '冒险']","['英国', '中国大陆', '日本', '美国', '墨西哥']","['英语', '汉语普通话', '俄语']",111
184,影,2018-09-30,62899,35.800556,14,7.2,573067,['张艺谋'],"['邓超', '孙俪', '郑恺', '王千源', '王景春', '胡军', '关晓彤', '吴磊', '封柏']","['剧情', '动作', '武侠', '古装']","['中国大陆', '中国香港']",['汉语普通话'],116
185,反贪风暴5：最终章,2021-12-31,62893,40.75184,9,4.6,94356,['林德禄 '],"['古天乐', '张智霖', '郑嘉颖', '宣萱', '黄宗泽', '谢天华', '张继聪', '叶晞月']","['动作', '犯罪']","['中国香港', '中国大陆']","['粤语', '汉语普通话']",95
186,后会无期,2014-07-24,62875,31.956974,34,7.2,597971,['韩寒'],"['冯绍峰', '陈柏霖', '钟汉良', '王珞丹', '袁泉', '陈乔恩', '贾樟柯', '白客', '孔连顺', '高华阳']",['剧情'],['中国大陆'],"['汉语普通话', '手语', '粤语']",104
187,末日崩塌,2015-06-02,62858,37.411068,24,7.0,163156,['布拉德·佩顿'],"['道恩·强森', '亚历珊德拉·达达里奥', '卡拉·古奇诺', '雨果·约翰斯通-伯特', '雅奇·潘嘉比', '科尔顿·海恩斯', '艾恩·格拉法德', '保罗·吉亚玛提', '凯莉·米洛', '李威尹', '瓦内萨·罗斯', '马特·杰拉德', '阿特·帕金森', '罗宾·阿特金·唐斯', '艾伦·D·柏温', '亚历克·乌特戈夫', '摩根·格莉芬', '杰米斯·巴特勒', '艾伦·波普尔顿']","['动作', '冒险', '灾难']","['美国', '澳大利亚']",['英语'],114
188,新喜剧之王,2019-02-05,62752,42.586273,24,5.7,395818,"['周星驰', '邱礼涛']","['王宝强', '鄂靖文', '张全蛋', '景如洋', '张琪', '袁兴哲', '田启文', '黄骁鹏', '蔡哲睿', '苗溢伦']","['剧情', '喜剧']","['中国大陆', '中国香港']","['汉语普通话', '粤语']",91
189,新木乃伊,2017-06-09,62563,35.19523,16,4.8,127154,['艾里克斯·库兹曼'],"['汤姆·克鲁斯', '罗素·克劳', '安娜贝拉·沃丽丝', '索菲亚·波多拉', '杰克·约翰逊', '考特尼·万斯', '马尔万·肯扎里', '斯蒂芬·汤普森', '詹姆斯·阿拉马', '马修·威尔卡斯', '索姆·卡皮拉', '肖恩·卡梅伦·迈克尔', '雷兹·肯普顿', '尼尔·马斯克尔', '哈维尔·博泰特', '帕克·索耶']","['动作', '奇幻', '冒险']","['美国', '中国大陆', '日本']","['英语', '古埃及语']",110
190,蝙蝠侠大战超人：正义黎明,2016-03-25,61826,35.59753,23,6.9,282559,['扎克·施奈德'],"['本·阿弗莱克', '亨利·卡维尔', '艾米·亚当斯', '盖尔·加朵', '杰西·艾森伯格', '戴安·琳恩', '劳伦斯·菲什伯恩', '杰瑞米·艾恩斯', '霍利·亨特', '斯科特·麦克纳里', '卡兰·马尔韦', '冈本多绪', '布兰登·斯平克', '劳伦·科汉', '迈克尔·珊农']","['动作', '科幻', '奇幻', '冒险']",['美国'],"['英语', '西班牙语', '俄语']",151
191,失控玩家,2021-08-27,61257,38.86088,7,7.5,657497,['肖恩·利维'],"['瑞安·雷诺兹', '朱迪·科默', '乔·基瑞', '里尔·莱尔·哈瓦瑞', '塔伊加·维迪提', '乌特卡什·安邦德卡尔', '查宁·塔图姆', '休·杰克曼', '道恩·强森', '克里斯·埃文斯', '约翰·卡拉辛斯基', '蒂娜·菲', '卡米尔·科斯塔克', '布丽特妮·欧德福特', '肯尼斯·以色列', '亚历克斯·崔贝克', '劳拉·斯宾塞', '马修·卡德罗普', '迈克尔·陶', '野村祐人', 'Raj Jawa', '何塞·冈斯·阿尔维斯', '欧文·伯克', '加布里埃尔·洛莱斯', '雷吉纳·托芬', '珍妮尔·费格利', '泰特·弗莱彻', '香农·哈特曼', '金伯利·豪威', 'Mark Lainer', 'Mike Devine', '亚伦·W·里德', 'Sophie Levy', 'Vernon Scott', 'Naheem Garcia']","['喜剧', '动作', '科幻']","['美国', '加拿大']",['英语'],115
192,功夫熊猫2,2011-05-28,61175,37.799377,42,8.0,429793,['吕寅荣'],"['杰克·布莱克', '安吉丽娜·朱莉', '达斯汀·霍夫曼', '加里·奥德曼', '成龙', '塞斯·罗根', '刘玉玲', '大卫·克罗斯', '吴汉章', '杨紫琼', '丹尼·麦克布莱德', '丹尼斯·海斯伯特', '尚格·云顿', '维克多·加博', '迈克·贝尔', '艾普尔·洪', '亚历山德拉·戈尔德·朱尔登', '斯蒂芬·凯林', '利亚姆·奈特', '保罗·马祖斯基', '丹·奥康纳', '罗密·罗斯蒙特', '莫瑞·史特林', '弗雷德·塔特西奥', '劳伦·汤姆', '康拉德·弗农']","['喜剧', '动作', '动画', '冒险']",['美国'],['英语'],91
193,神奇女侠,2017-06-02,61014,36.301155,16,7.1,459251,['派蒂·杰金斯'],"['盖尔·加朵', '克里斯·派恩', '康妮·尼尔森', '罗宾·怀特', '大卫·休里斯', '丹尼·赫斯顿', '埃伦娜·安纳亚', '露茜·戴维斯', '萨伊德·塔格马奥', '艾文·布莱纳', '尤金·布雷弗·洛克', '莉莉·阿斯佩尔', '艾米丽·凯里', '丽莎·洛文·孔斯利', '安·奥戈博莫', '弗洛伦丝·卡松巴', '杜晨·科洛斯']","['动作', '奇幻', '冒险']","['美国', '中国大陆', '中国香港']",['英语'],141
194,狙击手,2022-02-01,60802,44.77452,7,7.7,335341,"['张艺谋', '张末']","['陈永胜', '章宇', '张译', '刘奕铁', '黄炎', '王梓屹', '陈铭杨', '王乃训', '程泓鑫', '赵琥成', '李汶聪', '林博洋', '王佑名', '代文博', '李鲲', '曹操', '柯国庆', '钱焜', '暗真', '柯南·何裴', '李凯文', '勃小龙', '孟丹青', '叶风光']","['剧情', '历史', '战争']",['中国大陆'],"['汉语普通话', '英语']",96
195,一条狗的使命,2017-03-03,60777,29.967405,15,7.7,368695,['拉斯·霍尔斯道姆'],"['乔什·加德', '布丽特·罗伯森', '丹尼斯·奎德', '佩吉·利普顿', 'K·J·阿帕', '布莱斯·吉扎尔', '朱丽叶·赖伦斯', '卢克·柯比', '加布里埃尔·罗斯', '迈克尔·博夫舍维尔', '洛根·米勒', '柯尔比·豪威尔-巴普蒂斯特', '普奇·豪尔', '约翰·奥提兹', '妮科尔·勒普拉卡', '彼特·科拉米斯', '卡罗琳·凯芙', '简·迈克格雷格', '科维西·阿梅扬', '卡琳·博姆拜克', '娜奥米·弗伦内特']","['剧情', '喜剧', '家庭']",['美国'],['英语'],101
196,狄仁杰之四大天王,2018-07-27,60636,39.113647,18,6.1,263424,['徐克'],"['赵又廷', '冯绍峰', '林更新', '阮经天', '马思纯', '刘嘉玲', '盛鉴', '杨一威', '唐古特·宝日夫', '张傲月', '孙蛟龙', '汪汐潮', '铁男', '李炳雷', '许明虎']","['动作', '悬疑', '奇幻', '武侠', '古装']","['中国大陆', '中国香港']",['汉语普通话'],132
197,熊出没·变形记,2018-02-16,60552,35.826714,29,6.8,19805,"['丁亮', '林汇达']","['张伟', '张秉君', '谭笑']","['喜剧', '动画', '冒险']",['中国大陆'],['汉语普通话'],89
198,使徒行者,2016-08-11,60538,29.397415,24,6.9,202181,['文伟鸿'],"['张家辉', '古天乐', '吴镇宇', '佘诗曼', '许绍雄', '黄祥兴', '朱璇', '梁琤', '李光洁', '张慧雯']","['剧情', '动作', '犯罪']","['中国大陆', '中国香港']","['粤语', '汉语普通话']",109
199,李茶的姑妈,2018-09-30,60438,34.69147,15,4.6,315076,['吴昱翰'],"['黄才伦', '艾伦', '宋阳', '卢靖姗', '沈腾', '韩彦博', '陈冰', '张镨冉', '王宇', '赵雪', '常远', '王成思', '张琛', '魏玮', '陶亮', '朱微玮', '芦莹', '李海银', '何子君', '高海宝', '刘坤', '钱晨光', '乌日塔', '杨洁', '向斐', '何孟卓', '王野苓', '喜子', '张琳']",['喜剧'],['中国大陆'],['汉语普通话'],113
200,狄仁杰之神都龙王,2013-09-28,60059,40.039875,30,6.5,214128,['徐克'],"['赵又廷', '冯绍峰', '林更新', '金汎', '杨颖', '刘嘉玲', '胡东', '马京京', '盛鉴', '林朝绪', '陈坤', '言杰', '汪汐潮', '陈国义', '呈让', '张山', '铁男']","['动作', '悬疑', '古装']","['中国大陆', '中国香港']",['汉语普通话'],133
201,银河护卫队,2014-10-10,59640,38.5918,23,8.1,491960,['詹姆斯·古恩'],"['克里斯·帕拉特', '佐伊·索尔达娜', '布莱德利·库珀', '范·迪塞尔', '戴夫·巴蒂斯塔', '李·佩斯', '迈克尔·鲁克', '凯伦·吉兰', '杰曼·翰苏', '本尼西奥·德尔·托罗', '约翰·C·赖利', '格伦·克洛斯', '劳拉·哈德克', '肖恩·古恩', '彼得·塞拉菲诺威茨', '埃米特·斯坎伦', '奥菲利亚·拉维邦德']","['动作', '科幻', '冒险']","['美国', '英国']","['英语', '萨卡语']",121
202,熊出没·狂野大陆,2021-02-12,59529,43.313347,18,6.2,25555,"['丁亮', '邵和麒']","['张伟', '张秉君', '谭笑']","['喜剧', '科幻', '动画']",['中国大陆'],['汉语普通话'],99
203,金陵十三钗,2011-12-15,59214,41.266125,40,8.3,686348,['张艺谋'],"['克里斯蒂安·贝尔', '倪妮', '张歆怡', '黄天元', '韩熙庭', '张逗逗', '佟大为', '曹可凡', '渡部笃郎', '黄海波', '窦骁', '聂远', '高虎', '秦昊', '李玥敏', '白雪', '袁杨纯子', '孙佳', '朱良奇', '小林成男', '山中崇', '保罗·施耐德', '李纯', '顾璇', '周梦乔', '周羽', '邓莉', '苏小妹', '钱柳吟', '叶清源', '戴瑶君', '沈俊然', '李楚楚', '金子欣', '李瑞琦', '谷艺璇', '许佳丽', '张照怡', '王靖雯', '谭逸敏', '赵伊聪', '来喜', '奇道', '王超北', '王羽铮', '李飞', '王聪', '项斌', '郭晓明', '涩谷天马', '梶冈润一']","['剧情', '历史', '战争']","['中国大陆', '中国香港']","['汉语普通话', '英语', '日语', '南京话', '上海话']",145
204,神奇动物在哪里,2016-11-25,59085,34.902664,21,7.7,607254,['大卫·叶茨'],"['埃迪·雷德梅恩', '凯瑟琳·沃特斯顿', '丹·福勒', '艾莉森·萨多尔', '科林·法瑞尔', '埃兹拉·米勒', '朗·普尔曼', '强·沃特', '萨曼莎·莫顿', '嘉玛·陈', '卡门·艾乔戈', '克里斯汀·马扎诺', '詹·穆瑞', '约翰尼·德普']","['剧情', '奇幻', '冒险']","['英国', '美国']",['英语'],133
205,美女与野兽,2017-03-17,59040,35.080605,16,7.1,390807,['比尔·康顿'],"['艾玛·沃森', '丹·史蒂文斯', '卢克·伊万斯', '凯文·克莱恩', '乔什·加德', '伊万·麦克格雷格', '伊恩·麦克莱恩', '艾玛·汤普森', '斯坦利·图齐', '古古·姆巴塔-劳', '奥德拉·麦克唐纳', '内森·麦克', '哈蒂·莫拉汉', '迈克尔·吉普森', '水野索诺娅', '亨利·加勒特', '戴尔·布兰斯顿']","['爱情', '歌舞', '奇幻']",['美国'],['英语'],129
206,匆匆那年,2014-12-05,58861,34.74073,24,5.6,266223,['张一白'],"['彭于晏', '倪妮', '郑恺', '魏晨', '张子萱', '陈赫', '毕夏', '刘雅瑟', '曹卫宇', '张宁江']",['爱情'],['中国大陆'],['汉语普通话'],119
207,火星救援,2015-11-25,58571,36.772423,24,8.5,704229,['雷德利·斯科特'],"['马特·达蒙', '杰西卡·查斯坦', '克里斯汀·韦格', '杰夫·丹尼尔斯', '迈克尔·佩纳', '凯特·玛拉', '肖恩·宾', '塞巴斯蒂安·斯坦', '唐纳德·格洛弗', '切瓦特·埃加福', '阿卡塞尔·亨涅', '陈数', '高雄', '本尼迪克特·黄', '麦肯兹·戴维斯', '娜奥米·斯科特', '丽丽·博尔丹', '布莱恩·卡斯佩']","['剧情', '科幻', '冒险']","['英国', '美国', '匈牙利', '约旦']","['英语', '汉语普通话']",142
208,超凡蜘蛛侠2,2014-05-04,58538,38.662636,23,7.7,286569,['马克·韦布'],"['安德鲁·加菲尔德', '艾玛·斯通', '杰米·福克斯', '戴恩·德哈恩', '科鲁姆·费奥瑞', '菲丽希缇·琼斯', '保罗·吉亚玛提', '莎莉·菲尔德', '斯坦·李', '艾伯丝·戴维兹', '坎贝尔·斯科特', '马尔顿·索克斯', '路易斯·坎瑟米', '麦克斯·查尔斯', 'B·J·诺瓦克', '莎拉·加顿', '迈克尔·麦斯', '比尔·赫克', '泰迪·库卢卡', '艾迪·布莱恩特', '马克·多赫蒂', '詹姆斯·科尔比', '卡丽·科尔曼', '斯凯勒·吉桑多', '查理·迪皮尤', 'Robert Newman', '阿德里安·马丁斯', '詹姆斯·迈克尔·麦考利', 'Greg Connolly', '蒂摩西·亚当斯', '塔格·库克尔', '克莱姆·张', 'Dusan Hyska', 'Dario Barosso', '大卫·石', '丹尼尔·格罗尔', '史蒂文·豪克', '雷金纳德·巴恩斯', '克雷利·伯杰', '瑞克·博兰德', 'Sean Buttimer', '克里斯·库珀', 'Chris Cullen', '朱莉亚·戴维斯', '弗兰克·迪尔']","['动作', '科幻', '奇幻', '冒险']",['美国'],['英语'],142
209,2012,2009-11-13,58444,33.303165,46,8.0,555647,['罗兰·艾默里奇'],"['约翰·库萨克', '阿曼达·皮特', '切瓦特·埃加福', '坦迪·牛顿', '奥利弗·普莱特', '汤姆·麦卡锡', '伍迪·哈里森', '丹尼·格洛弗', '连姆·詹姆斯', '摩根·莉莉', '扎特科·巴瑞克', '毕崔斯·罗森', 'Alexandre Haussmann', 'Philippe Haussmann', '乔翰·厄布', '约翰·比灵斯列', '黄经汉', '周逸之', '张铮', '卢燕', '布鲁·曼库马', '乔治·席格', '帕特里克·波查', '吉米·米斯特雷', '瑞安·麦克唐纳德', '玛丽莲·江恩', '区亨利', '帕特里克·吉尔莫', '韦弗·里库克', '多隆·贝尔', '大卫·奥斯', '泰·奥尔森', 'Zinaid Memisevic', 'BJ·哈里森', 'Dominic Zamprogna', '卡琳·考诺娃', 'Mary Gillis', '郑柏恒', 'Parm Soor', '杰拉德·普伦科特', '伊芙·哈洛', '肖恩·泰森', '迈克尔·巴佛', '达伦·A·赫伯特', '朱迪·汤普森', '坦娅·钱普', '弗兰克·C·特纳', '拉腊·萨迪克', '吉莲·芭伯', '贝薇莉·埃利奥特', '阿加·达什', '拉吉·拉尔', '杰克博·布莱尔', 'Scott E. Miller', '安娜-梅劳特里奇', '艾迪·哈塞尔', '亚历桑德拉·卡斯蒂略', '李利强', '杰夫·古斯塔夫森', '艾力克斯·萨哈拉', '杰森·格里菲斯', '吉尔·莫里森']","['科幻', '灾难']","['美国', '加拿大']","['英语', '法语', '藏语', '汉语普通话', '俄语', '印地语', '葡萄牙语', '拉丁语', '意大利语']",158
210,邪不压正,2018-07-13,58352,35.564896,16,7.0,685154,['姜文'],"['彭于晏', '廖凡', '姜文', '周韵', '许晴', '泽田谦也', '安地', '史航', '李梦', '丁嘉丽', '陈曦']","['剧情', '喜剧', '动作']",['中国大陆'],"['汉语普通话', '英语', '日语', '法语']",137
211,白蛇2：青蛇劫起,2021-07-23,58021,39.02653,7,6.8,370591,['黄家康'],"['唐小喜', '歪歪', '魏超', '赵铭洲', '郑小璞', '马程', '宋旭晨', '邱秋', '张凯', '徐佳琦', '老鬼', '张碧玉', '张喆', '杨天翔', '宝木中阳', '林强']","['动画', '奇幻', '冒险']",['中国大陆'],['汉语普通话'],131
212,追龙,2017-09-30,57726,32.49085,20,7.2,342692,"['王晶', '关智耀']","['甄子丹', '刘德华', '姜皓文', '郑则仕', '刘浩龙', '汤镇业', '喻亢', '胡然', '徐冬冬', '黄日华', '陈惠敏', '周励淇', '吴毅将']","['动作', '犯罪']","['中国香港', '中国大陆']","['粤语', '汉语普通话']",128
213,你的名字。,2016-12-02,57571,27.830141,22,8.5,1353025,['新海诚'],"['神木隆之介', '上白石萌音', '长泽雅美', '市原悦子', '成田凌', '悠木碧', '岛崎信长', '石川界人', '谷花音', '寺杣昌纪', '大原沙耶香', '井上和彦', '茶风林', '加藤有花', '花泽香菜', '寺崎裕香']","['剧情', '爱情', '动画']",['日本'],['日语'],106
214,大鱼海棠,2016-07-08,57378,32.934837,23,7.0,553146,"['梁旋', '张春']","['季冠霖', '苏尚卿', '许魏洲', '金士杰', '杨婷', '潘淑兰', '九儿', '王德顺', '张媛媛', '薛立方', '姜广涛', '张杰', '马正阳', '宝木中阳', '刘校妤']","['剧情', '动画', '奇幻']",['中国大陆'],['汉语普通话'],105
215,少年派的奇幻漂流,2012-11-22,57288,39.428986,38,9.1,1318064,['李安'],"['苏拉·沙玛', '伊尔凡·可汗', '拉菲·斯波', '阿迪勒·侯赛因', '塔布', '阿尤什·坦东', '加塔姆·贝鲁尔', '阿彦·汗', '穆德·阿巴斯·卡勒里', '维比什·希瓦库玛', '热拉尔·德帕迪约', '詹姆斯·斋藤', '俊·奈托', '安德里亚·迪·斯戴法诺', '沙拉万提·塞纳特', '王柏杰', '柯一正', '黄健玮']","['剧情', '奇幻', '冒险']","['美国', '中国台湾', '英国', '加拿大']","['英语', '泰米尔语', '法语', '日语', '印地语', '汉语普通话']",127
216,复仇者联盟,2012-05-05,56827,41.705013,33,8.5,1043788,"['安东尼·罗素', '乔·罗素']","['小罗伯特·唐尼', '克里斯·埃文斯', '马克·鲁弗洛', '克里斯·海姆斯沃斯', '乔什·布洛林', '保罗·路德', '凯伦·吉兰', '杰瑞米·雷纳', '斯嘉丽·约翰逊', '唐·钱德尔', '布丽·拉尔森', '布莱德利·库珀', '泰莎·汤普森', '汤姆·赫兰德', '伊丽莎白·奥尔森', '本尼迪克特·康伯巴奇', '蒂尔达·斯文顿', '格温妮斯·帕特洛', '蕾妮·罗素', '约翰·斯拉特里', '查德维克·博斯曼', '安东尼·麦凯', '塞巴斯蒂安·斯坦', '克里斯·帕拉特', '汤姆·希德勒斯顿', '佐伊·索尔达娜', '丹娜·奎里拉', '本尼迪克特·黄', '庞·克莱门捷夫', '戴夫·巴蒂斯塔', '利蒂希娅·赖特', '伊万杰琳·莉莉', '乔恩·费儒', '海莉·阿特维尔', '娜塔莉·波特曼', '玛丽莎·托梅', '塔伊加·维迪提', '安吉拉·贝塞特', '迈克尔·道格拉斯', '米歇尔·菲佛', '威廉·赫特', '寇碧·史莫德斯', '肖恩·古恩', '温斯顿·杜克', '琳达·卡德里尼', '马克斯米利亚诺·赫尔南德斯', '弗兰克·格里罗', '真田广之', '汤姆-沃恩-劳勒', '詹姆斯·达西', '雅各布·巴特朗', '范·迪塞尔', '罗伯特·雷德福', '塞缪尔·杰克逊', '伊薇特·尼科尔·布朗', '卡梅伦·布鲁姆布罗', '蒂莫西·卡尔', '凯瑞·康顿', '迈克尔·A·库克', '凯莉·库恩', '艾玛·福尔曼', '雷纳·加拉赫', '丹妮拉·加斯基', '郑肯', '小弗洛伊德·安东尼·约翰', '斯坦·李', '罗斯·马昆德', '布伦特·麦吉', '迈克尔·皮耶里诺·米勒', '卡兰·马尔韦', '泰瑞·诺塔里', '吉米·雷·皮肯斯', '迈克尔·詹姆斯·肖', '泰·辛普金斯', '格雷格·蒂芬']","['剧情', '动作', '科幻', '奇幻', '冒险']",['美国'],"['英语', '日语', '科萨语']",181
217,杀破狼2,2015-06-18,55966,36.174625,25,7.5,181662,['郑保瑞'],"['吴京', '托尼·贾', '张晋', '任达华', '卢惠光', '恭硕良', '林嘉华', '蔡瀚亿', '艾威', '姜皓文', '张驰', '寇占文', '古天乐', '袁嘉敏']","['剧情', '动作', '犯罪']","['中国香港', '中国大陆']","['汉语普通话', '粤语', '英语', '泰语', '韩语']",120
218,新神榜：杨戬,2022-08-19,55550,42.119488,5,7.0,256339,['赵霁'],"['王凯', '季冠霖', '李立宏', '李兰陵', '赵毅', '刘校妤', '文靖渊', '汤水雨', '星潮', '邱秋', '杨天翔', '孟宇', '杨默', '赵铭洲', '李楠', '林强', '刘琮', '锦鲤', '沈良骏', '赵霁', '胡亚捷', '韩乐']","['动作', '动画', '奇幻', '冒险']",['中国大陆'],['汉语普通话'],127
219,爱情公寓,2018-08-10,55545,35.352978,27,3.2,257258,['韦正'],"['陈赫', '袁弘', '娄艺潇', '邓家佳', '孙艺洲', '李佳航', '李金铭', '刘天佐', '赵志伟', '张双利', '徐磊', '韦正', '汪远', '朱桢', '于立', '榕榕', '罗姝涵', '许和琪', '刘雨昕', '张希雅', '孔雪儿', '关凯元', '张悠然', '周煊', '丧钟大师', '老驴', '张天馨', '刘宇馨', '陈旭明', '王思博', '赵子豪', '杨朕', '郝宇', '徐梦洁', '常钰', '韩丹', '严丰', '郭林钧']","['喜剧', '冒险']",['中国大陆'],['汉语普通话'],117
220,哥，你好,2022-09-09,54798,41.639717,4,4.8,91814,['张栾'],"['马丽', '常远', '魏翔', '贾冰', '黄允桐', '韩彦博', '张一鸣', '郝鹏飞', '李一宁', '李志荟', '刘语乔', '张佳雯', '吕宁', '王伟']","['剧情', '喜剧', '奇幻']",['中国大陆'],['汉语普通话'],111
221,战狼,2015-04-02,54469,34.260075,25,7.1,886557,['吴京'],"['吴京', '弗兰克·格里罗', '吴刚', '张翰', '卢靖姗', '丁海峰', '淳于珊珊', '余男', '于谦', '石兆琪', '海蒂·莫尼梅克', '奥列格·亚历山大罗维奇', '艾伦·托尼', '赛尔·哈里斯', '高明', '王森', '苇青', '程愫', '张永达', '郭秋成', '杜建桥', '周冠廷', '安·詹姆斯', '黛安娜·希拉', '孙率航', '张馨月', '关海龙', '安妮塔·斯图尔特', '特雷弗·琼斯', '奥斯汀·普里斯特', '克莱·方特诺特', '保罗·艾力卡', '丹尼尔·哈格里夫', '李镇男', '庄小龙', '陈云志', '肯尼迪']","['动作', '战争']",['中国大陆'],"['汉语普通话', '英语']",123
222,四海,2022-02-01,54277,53.10559,17,5.3,228562,['韩寒'],"['刘昊然', '刘浩存', '沈腾', '尹正', '乔杉', '周奇', '张宥浩', '冯绍峰', '黄晓明', '王彦霖', '陈小春', '吴彦姝', '万梓良', '赵子琪']","['喜剧', '动作', '爱情']",['中国大陆'],['汉语普通话'],128
223,007：幽灵党,2015-11-13,54113,31.537039,28,6.5,190687,['萨姆·门德斯'],"['丹尼尔·克雷格', '克里斯托弗·瓦尔兹', '蕾雅·赛杜', '本·卫肖', '娜奥米·哈里斯', '戴夫·巴蒂斯塔', '莫妮卡·贝鲁奇', '拉尔夫·费因斯', '斯黛芬妮·西格曼', '安德鲁·斯科特', '罗里·金尼尔', '内芙·加切夫', '加斯帕·克里斯滕森', '丹尼尔·斯蒂森', '丹尼尔·韦斯特伍德', '拉斯科·阿特金斯']","['动作', '惊悚', '冒险']","['英国', '美国', '奥地利', '墨西哥', '意大利', '摩洛哥']","['英语', '西班牙语', '意大利语', '德语', '法语']",148
224,中国合伙人,2013-05-17,54064,32.145626,27,7.6,616574,['陈可辛'],"['黄晓明', '邓超', '佟大为', '杜鹃', '王真儿', '乔治·安东', '杨晨', '张籽沐', '雷昊汶', '佟磊', '刘天佐', 'Claire Quirk', 'Daniel Berkey', '公翠英', '于膨玮', '冯仑', '宇轩', '胡明杨', '柏明', '唐晓峰', '凯特琳·菲茨杰拉德', '杨轶', '吴越坤', '张跃德', '毛大庆', '田朴珺', 'John Taylor', '闫锐', 'Barbara Malley', 'Tracey Ilgner', 'Catherine Gibson', 'Anthony Santoro', '艾梓童', '黄卫', '黄天齐', '康晟闻', '雷瑷嘉']",['剧情'],"['中国大陆', '中国香港']","['英语', '汉语普通话']",112
225,龙门飞甲,2011-12-15,53992,44.14198,35,6.9,296956,['徐克'],"['李连杰', '周迅', '陈坤', '李宇春', '桂纶镁', '范晓萱', '樊少皇', '杜奕衡', '刘家辉', '张馨予', '盛鉴', '薛剑', '王双宝', '韩飞行', '李炳渊', '庄杰', '吴迪', '李军如', '李思博', '翟钢', '吕德亮', '戴明', '周大庆', '安琪儿', '高杰', '钢特木尔', '张秋风', '张东', '白斯古楞', '石占杰', '石凯', '卫博', '沙学周', '肖瑞', '吴飞', '张兆玉', '张成林', '吴正林']","['剧情', '动作', '武侠', '古装']","['中国大陆', '中国香港']",['汉语普通话'],122
226,英伦对决,2017-09-30,53983,37.63522,19,7.0,218917,['马丁·坎贝尔'],"['成龙', '皮尔斯·布鲁斯南', '刘涛', '梁佩诗', '夏莉·墨菲', '欧拉·布莱蒂', '迈克尔·麦克埃尔哈顿', '西蒙·坤茨', '雷·费隆', '罗里·弗莱克-拜恩', '皮帕·贝内特-华纳', '德尔莫特·克劳利', '蒂利亚纳·布克丽瓦', '鲁弗斯·琼斯', '斯蒂芬·霍根']","['动作', '犯罪']","['英国', '中国大陆', '美国']","['英语', '汉语普通话']",113
227,除暴,2020-11-20,53821,37.087032,8,6.1,250561,['刘浩良'],"['王千源', '吴彦祖', '春夏', '卫诗雅', '大力', '于笑', '胡子程', '李晓川', '洪浚嘉', '纪焕博', '庞雨浓', '答有为', '鲍起静', '尤勇智', '王超北', '胡晨曦']","['剧情', '动作', '犯罪']","['中国香港', '中国大陆']","['粤语', '汉语普通话']",95
228,警察故事2013,2013-12-24,53406,39.545963,25,5.9,120519,['丁晟'],"['成龙', '刘烨', '景甜', '殷桃', '那威', '刘仪伟', '柳海龙', '周晓鸥', '于荣光', '吴樾', '刘佩琦', '古力娜扎']","['剧情', '动作', '犯罪']","['中国大陆', '中国香港']",['汉语普通话'],108
229,妖猫传,2017-12-22,53026,35.54714,23,6.9,714540,['陈凯歌'],"['黄轩', '染谷将太', '张雨绮', '秦昊', '张榕容', '刘昊然', '欧豪', '张鲁一', '阿部宽', '田雨', '刘佩琦', '辛柏青', '成泰燊', '李淳', '秦怡', '松坂庆子', '张天爱', '周中和', '火野正平', '夏楠', '陈旭', '王迪', '宋运成']","['剧情', '悬疑', '奇幻', '古装']","['中国大陆', '日本']","['汉语普通话', '日语']",129
230,哆啦A梦：伴我同行,2015-05-28,52916,34.66687,22,8.1,268196,"['八木龙一', '山崎贵']","['水田山葵', '大原惠美', '嘉数由美', '木村昴', '关智一', '三石琴乃', '松本保典', '田原阿尔诺', '竹内都子', '荻野志保子', '高木涉', '松本幸', '佐藤美由希', 'Lynn', '妻夫木聪']","['剧情', '动画']",['日本'],['日语'],95
231,超能陆战队,2015-02-28,52625,36.70751,25,8.7,983054,"['唐·霍尔', '克里斯·威廉姆斯']","['斯科特·安第斯', '瑞恩·波特', '丹尼尔·海尼', 'T·J·米勒', '郑智麟', '小达蒙·韦恩斯', '珍尼希斯·罗德里格兹', '詹姆斯·克伦威尔', '艾伦·图代克', '玛娅·鲁道夫', '亚布拉哈姆·本鲁比', '凯蒂·洛斯', '比利·布什', '丹尼尔·吉尔森', '保罗·布里格斯']","['喜剧', '动作', '科幻', '动画', '冒险']",['美国'],['英语'],102
232,澳门风云,2014-01-31,52471,32.365917,31,4.4,145623,"['王晶', '刘伟强']","['周润发', '刘德华', '张家辉', '张学友', '余文乐', '李宇春', '刘嘉玲', '王诗龄', '向佐', '胡然', '元秋', '鸟叔', '童飞', '罗家英', '卢海鹏']","['喜剧', '动作']","['中国香港', '中国大陆']","['汉语普通话', '粤语']",112
233,杀破狼·贪狼,2017-08-17,52291,32.32158,18,7.0,167754,['叶伟信'],"['古天乐', '吴樾', '托尼·贾', '林家栋', '高战', '郑雪儿', '卢惠光', '蔡洁', '陈汉娜', '维他亚·潘斯林加姆', '索姆波布·本贾蒂库尔', '斯拉潘·瓦塔纳金达']","['剧情', '动作']","['中国香港', '中国大陆']","['粤语', '泰语', '英语']",101
234,熊出没·奇幻空间,2017-01-28,52114,34.320858,27,6.4,18554,"['林永长', '林汇达', '丁亮']","['尚雯婕', '鲍春来', '孙建弘', '曾舜晞']","['动画', '儿童']",['中国大陆'],['汉语普通话'],90
235,小时代3：刺金时代,2014-07-17,52098,31.580196,33,4.7,237143,['郭敬明'],"['杨幂', '柯震东', '郭采洁', '陈学冬', '郭碧婷', '谢依霖', '李贤宰', '锦荣', '任言恺', '王琳', '姜潮', '商侃', '杜天皓']","['剧情', '喜剧', '爱情']","['中国大陆', '中国台湾']","['汉语普通话', '英语']",126
236,北京遇上西雅图,2013-03-21,52013,31.550077,31,7.3,574798,['薛晓路'],"['汤唯', '吴秀波', '海清', '宋美曼', '宋美慧', '金燕玲', '买红妹', '布拉德·哈德', '李绮虹']","['喜剧', '爱情']","['中国大陆', '中国香港']","['汉语普通话', '英语', '闽南语']",123
237,一步之遥,2014-12-18,51376,42.4509,25,6.6,304194,['姜文'],"['姜文', '葛优', '周韵', '舒淇', '文章', '王志文', '洪晃', '刘利年', '那英', '刘索拉', '牛犇', '姜洪齐']","['剧情', '喜剧', '动作']","['中国大陆', '美国', '中国香港']","['汉语普通话', '英语', '上海话', '法语', '日语', '满语', '越南语', '拉丁语']",140
238,愤怒的小鸟,2016-05-20,51297,31.765778,16,7.2,116841,"['费格尔·雷利', '克雷·卡提斯']","['杰森·苏戴奇斯', '乔什·加德', '丹尼·麦克布莱德', '玛娅·鲁道夫', '西恩·潘', '凯特·麦克金农', '彼特·丁拉基', '比尔·哈德尔', '托尼·海尔', '丹妮埃拉·布鲁克斯', '吉莉恩·贝尔', '科甘-迈克尔·凯', '伊克·巴里霍尔兹', '吉奥弗瑞·阿伦德', '麦克斯·查尔斯', '布莱克·谢尔顿', '泰塔斯·伯吉斯', '汉尼拔·布勒斯', '克里斯黛拉·阿朗索', '安东尼·帕迪利亚', '比利·艾希纳']","['喜剧', '动画', '冒险']","['芬兰', '美国']",['英语'],97
239,滚蛋吧！肿瘤君,2015-08-13,51045,33.640533,25,7.4,419534,['韩延'],"['白百何', '吴彦祖', '李媛', '刘芮麟', '程伊', '刘莉莉', '李建义', '张子萱', '沈腾']","['喜剧', '爱情']",['中国大陆'],"['汉语普通话', '英语', '韩语']",128
240,动物世界,2018-06-29,50967,36.847546,13,7.2,540984,['韩延'],"['李易峰', '迈克尔·道格拉斯', '周冬雨', '曹炳琨', '王戈', '苏可']","['剧情', '动作', '冒险']",['中国大陆'],"['汉语普通话', '英语']",132
241,我在时间尽头等你,2020-08-25,50541,35.25256,16,5.3,67288,['姚婷婷'],"['李鸿其', '李一桐', '范伟', '张超', '罗辑', '郭欣禹']","['爱情', '奇幻']",['中国大陆'],['汉语普通话'],115
242,1921,2021-07-01,50474,34.85736,8,6.7,163801,"['黄建新', '郑大圣']","['黄轩', '倪妮', '王仁君', '刘昊然', '袁文康', '祖峰', '窦骁', '张颂文', '刘家祎', '王俊凯', '王源', '欧豪', '韩东君', '张超', '张云龙', '胡先煦', '陈坤', '李晨', '倪大红', '田雨', '谢孟伟', '冯绍峰', '刘诗诗', '宋佳', '宋轶', '殷桃', '安泽豪', '袁泉', '周也', '欧阳娜娜', '魏大勋', '张雪迎', '王弋萱', '埃里克·迪恩', '乔什·怀特豪斯', '奥田瑛二', '白石隼也', '池松壮亮', '朱一龙', '白宇', '倪寒尽', '许凯', '张若昀', '张建亚', '赵露思', '钟楚曦', '雷佳音', '郭子凡', '欧阳卫熹', '陈美伊', '胡连馨', '陈仟钰', '夏梦', '陈雨锶', '俞灏明', '王森', '谷嘉诚', '张宥浩', '赵弈钦', '刘畅', '马天宇', '史彭元', '陈龙', '韩昊霖', '彭楚粤', '王锵', '刘冬沁', '叶璇', '佟瑞欣', '于慧', '曹骏', '陶海', '叶祖新', '范世錡', '于湉', '白宇帆', '张晓晨', '李子峰', '方逸伦', '刘佩琦', '张海宇', '周游', '生港帅', '叶筱玮', '吴希泽', '刘帅', '李殿尊', '王天辰', '此沙', '达伦·格罗夫纳', '托马斯·菲凯', '刘泊霄', '小爱', '张洪睿', '耿乐', '叶火', '潘斌龙', '李感', '罗泽楷', '徐佳', '高容方', '刘恩佳', '徐晓璐', '刘哲尔', '佟丽娅', '佟大为', '薛佳凝', '张婧仪', '包贝尔', '张哲瀚']","['剧情', '历史']",['中国大陆'],['汉语普通话'],137
243,黑衣人3,2012-05-25,50345,40.718327,28,7.7,282252,['巴里·索南菲尔德'],"['威尔·史密斯', '汤米·李·琼斯', '乔什·布洛林', '杰梅奈·克莱门特', '艾玛·汤普森', '尼可·斯彻金格', '爱丽丝·伊芙', '大卫·拉斯彻', '比尔·哈德尔', '迈克尔·斯图巴']","['喜剧', '动作', '科幻']",['美国'],['英语'],103
244,独立日：卷土重来,2016-06-24,50219,35.726177,24,5.7,117546,['罗兰·艾默里奇'],"['利亚姆·海姆斯沃斯', '杰夫·高布伦', '麦卡·梦露', '杰西·厄舍', '比尔·普尔曼', '夏洛特·甘斯布', '特拉维斯·托普', '杨颖', '雪拉·渥德', '威廉·菲克纳', '贾德·赫希', '布伦特·斯皮内', '乔伊·金', '薇薇卡·福克斯', '麦肯娜·格瑞丝', '道比·欧帕瑞', '袁文忠', '史蒂芬·布莱克史密斯']","['动作', '科幻', '冒险']",['美国'],"['英语', '汉语普通话']",120
245,古墓丽影：源起之战,2018-03-16,49748,35.066303,14,6.0,145336,['罗阿尔·乌索格'],"['艾丽西亚·维坎德', '吴彦祖', '多米尼克·韦斯特', '沃尔顿·戈金斯', '克里斯汀·斯科特·托马斯', '汉娜·乔恩-卡门', '尼克·弗罗斯特', '德里克·雅各比', '安东尼奥·阿克儿', '亚历山大·维尧姆', '杰美·温斯顿', '迈克尔·奥拜奥拉', '艾米丽·凯里', '肯尼思·霍']","['动作', '冒险']",['美国'],['英语'],118
246,盗梦空间,2010-09-01,49620,30.196941,40,9.4,2007576,['克里斯托弗·诺兰'],"['莱昂纳多·迪卡普里奥', '约瑟夫·高登-莱维特', '艾利奥特·佩吉', '汤姆·哈迪', '渡边谦', '迪利普·劳', '基里安·墨菲', '汤姆·贝伦杰', '玛丽昂·歌迪亚', '皮特·波斯尔思韦特', '迈克尔·凯恩', '卢卡斯·哈斯', '李太力', '克莱尔·吉尔蕾', '马格努斯·诺兰', '泰勒·吉蕾', '乔纳森·吉尔', '水源士郎', '冈本玉二', '厄尔·卡梅伦', '瑞恩·海沃德', '米兰达·诺兰', '拉什·费加', '蒂姆·科勒赫', '妲露拉·莱莉']","['剧情', '科幻', '悬疑', '冒险']","['美国', '英国']","['英语', '日语', '法语']",148
247,勇敢者游戏：决战丛林,2018-01-12,49196,34.19796,18,6.8,199810,['杰克·卡斯丹'],"['道恩·强森', '凯文·哈特', '杰克·布莱克', '凯伦·吉兰', '尼克·乔纳斯', '瑞斯·达比', '鲍比·坎纳瓦尔', '亚历克斯·沃尔夫', '瑟达吕斯·布兰', '麦迪森·伊瑟曼', '摩根·特纳', '梅森·古乔内', '马克·埃文·杰克逊', '玛琳·辛科', '特雷西·邦纳', '玛莉贝丝·梦露', '米西·派勒', '杰米·雷内尔', '卡尔利斯·布克', '罗翰·昌德', '科林·汉克斯']","['喜剧', '动作', '奇幻', '冒险']","['美国', '印度', '加拿大', '英国', '澳大利亚', '德国']",['英语'],119
248,千与千寻,2019-06-21,48828,31.226898,12,9.4,2176759,['宫崎骏'],"['柊瑠美', '入野自由', '夏木真理', '菅原文太', '中村彰男', '玉井夕海', '神木隆之介', '内藤刚志', '泽口靖子', '我修院达也', '大泉洋', '小林郁夫', '上条恒彦', '小野武彦']","['剧情', '动画', '奇幻']",['日本'],['日语'],125
249,紧急救援,2020-12-18,48524,38.620674,9,5.9,119038,['林超贤'],"['彭于晏', '王彦霖', '辛芷蕾', '蓝盈莹', '王雨甜', '徐洋', '陈家乐', '李岷城', '张景祎', '李欣蕊', '郭晓东', '张国强', '魏大勋', '连凯']","['动作', '灾难']","['中国大陆', '中国香港']","['汉语普通话', '英语']",134
250,小时代4：灵魂尽头,2015-07-09,48469,30.987238,33,5.0,191295,['郭敬明'],"['杨幂', '郭采洁', '陈学冬', '郭碧婷', '谢依霖', '李贤宰', '锦荣', '任言恺', '姜潮', '王琳', '商侃']","['喜剧', '爱情']",['中国大陆'],['汉语普通话'],116
251,左耳,2015-04-24,48442,33.99673,25,5.7,263458,['苏有朋'],"['陈都灵', '欧豪', '杨洋', '马思纯', '段博文', '胡夏', '关晓彤', '包文婧', '蒋雯丽', '成泰燊', '谢娜', '樊玲']","['剧情', '爱情']",['中国大陆'],['汉语普通话'],117
252,小时代,2013-06-27,48432,31.816536,32,4.9,415948,['郭敬明'],"['杨幂', '柯震东', '郭采洁', '郭碧婷', '谢依霖', '凤小岳', '李悦铭', '陈学冬', '姜潮', '杜天皓', '商侃', '王琳', '丁巧唯']","['剧情', '喜剧', '爱情']","['中国大陆', '中国台湾']",['汉语普通话'],116
253,王牌特工：特工学院,2015-03-27,48367,33.911823,29,8.4,651422,['马修·沃恩'],"['塔伦·埃哲顿', '科林·费尔斯', '塞缪尔·杰克逊', '迈克尔·凯恩', '马克·斯特朗', '索菲·库克森', '索菲亚·波多拉', '马克·哈米尔', '杰克·达文波特', '萨曼塔·沃马克', '汉娜·奥斯特罗姆', '约诺·戴维斯', '亚历克斯·尼科洛夫', '维利贝·托皮奇', '杰夫·贝尔', '艾德里安·奎因顿', '乔丹·朗', '西奥·巴克利姆-比格斯', '摩根·华金斯', '拉尔夫·伊内森', '爱德华·霍尔克罗夫特', '尼古拉斯·班克斯']","['喜剧', '动作', '冒险']","['英国', '美国']","['英语', '阿拉伯语', '瑞典语']",125
254,我不是潘金莲,2016-11-18,48279,35.103405,19,6.7,257323,['冯小刚'],"['范冰冰', '郭涛', '大鹏', '张嘉益', '于和伟', '张译', '李宗翰', '赵立新', '田小洁', '范伟', '高明', '刘桦', '黄建新', '李晨']","['剧情', '喜剧']",['中国大陆'],['汉语普通话'],140
255,摆渡人,2016-12-23,48256,32.916817,19,4.1,233000,['张嘉佳'],"['梁朝伟', '金城武', '陈奕迅', '杨颖', '张榕容', '杜鹃', '熊黛林', '大鹏', '马苏', '崔志佳', '贾玲', '李宇春', '鹿晗', '欧弟', '纳豆', '金士杰', '柯佳嬿', '李灿森', '喜翔', '曹可凡', '吴艺璇']","['喜剧', '爱情']","['中国大陆', '中国香港']",['汉语普通话'],128
256,哥斯拉,2014-06-13,48125,38.12168,26,6.3,287111,['亚当·温加德'],"['亚历山大·斯卡斯加德', '米莉·波比·布朗', '丽贝卡·豪尔', '凯莉·霍特尔', '布莱恩·泰里·亨利', '小栗旬', '艾莎·冈萨雷斯', '朱利安·迪尼森', '兰斯·莱迪克', '凯尔·钱德勒', '德米安·比齐尔', '哈基姆·凯-卡西姆', '钱信伊', '约翰·皮鲁切洛', '克里斯·乔克', '康兰·卡萨尔', '布拉德·麦克默里', '本杰明·里格比', '普里西拉·道伊西', '戴维·卡斯蒂洛', '吉姆·帕尔默', '柯蒂斯·布什', '皮拉·福德', '爱丽丝·兰斯伯里', '肖恩·麦克布莱德', '乔尔·皮尔斯', '乔恩·奎斯蒂德', '塔斯尼姆·罗克', '艾梅伯·瓦尔斯', '迪索·拉莫斯']","['动作', '科幻', '冒险']","['美国', '澳大利亚', '加拿大', '印度']","['英语', '美国手语']",113
257,绿皮书,2019-03-01,47872,33.197285,13,8.9,1594441,['彼得·法雷里'],"['维果·莫腾森', '马赫沙拉·阿里', '琳达·卡德里尼', '塞巴斯蒂安·马尼斯科', '迪米特·D·马里诺夫', '迈克·哈顿', 'P·J·伯恩', '乔·柯蒂斯', '玛姬·尼克松', '冯·刘易斯', '乔恩·索特兰', '唐·斯达克', '安东尼·曼加诺', '保罗·斯隆', '珍娜·劳伦索', '肯尼斯·以色列', '伊克博·塞巴', '尼克·瓦莱隆加', '大卫·安', '迈克·切罗内', '杰拉尔丁·辛格', '马丁·巴特斯·布拉德福德', '格拉伦·布莱恩特·班克斯', '汤姆·维图', '夏恩·帕特洛', '丹尼斯·W·霍尔', '吉姆·克洛克', '戴恩·罗兹', '布赖恩·斯特帕尼克', '乔恩·迈克尔·戴维斯', '布莱恩·库瑞', '托尼亚·马尔多纳多']","['剧情', '喜剧', '音乐', '传记']","['美国', '中国大陆']","['英语', '意大利语', '俄语', '德语']",130
258,星球大战外传：侠盗一号,2017-01-06,47719,36.65965,13,7.3,174539,['加里斯·爱德华斯'],"['菲丽希缇·琼斯', '迭戈·卢纳', '甄子丹', '本·门德尔森', '麦斯·米科尔森', '艾伦·图代克', '福里斯特·惠特克', '姜文', '里兹·阿迈德', '乔纳森·阿里斯', '尤妮斯·奥卢米德', '克莱尔·陈', '吉米·斯密茨', '沃维克·戴维斯', '马克·普雷斯顿', '吉娜薇·欧瑞丽', '詹姆斯·厄尔·琼斯']","['动作', '科幻', '冒险']",['美国'],['英语'],134
259,王牌特工2：黄金圈,2017-10-20,47428,35.414913,14,6.8,335055,['马修·沃恩'],"['塔伦·埃哲顿', '科林·费尔斯', '马克·斯特朗', '朱丽安·摩尔', '埃尔顿·约翰', '爱德华·霍尔克罗夫特', '哈莉·贝瑞', '佩德罗·帕斯卡', '查宁·塔图姆', '杰夫·布里吉斯', '迈克尔·刚本', '索菲·库克森', '汉娜·奥斯特罗姆', '比约恩·格拉纳特', '莱娜·恩卓', '波比·迪瓦伊', '汤姆·本尼迪克·奈特', '托马斯·图尔格斯', '基思·艾伦', '艾米丽·沃森', '布鲁斯·格林伍德', '戈登·亚历山大', '马丁·福特', '明格斯·约翰斯顿']","['喜剧', '动作', '冒险']","['英国', '美国']","['英语', '意大利语', '瑞典语']",141
260,非诚勿扰2,2010-12-22,47159,38.6498,44,6.6,320448,['冯小刚'],"['葛优', '舒淇', '孙红雷', '姚晨', '安以轩', '邵兵', '廖凡', '邬逸聪', '关晓彤', '窦文涛', '赵宝刚', '乐嘉', '张馨予', '王希维', '李晨']","['喜剧', '爱情']",['中国大陆'],['汉语普通话'],122
261,白蛇：缘起,2019-01-11,46862,33.784885,10,7.8,736143,"['黄家康', '赵霁']","['张喆', '杨天翔', '唐小喜', '刘薇', '张遥函', '郑小璞', '张博恒', '张赫', '马程', '程寅', '陈霖生', '惠龙', '林强', '章斌']","['爱情', '动画', '奇幻']","['中国大陆', '美国']",['汉语普通话'],99
262,加勒比海盗4：惊涛怪浪,2011-05-20,46425,38.33827,45,7.8,358544,['罗伯·马歇尔'],"['约翰尼·德普', '佩内洛普·克鲁兹', '杰弗里·拉什', '伊恩·麦柯肖恩', '凯文·麦克纳利', '山姆·克拉弗林', '阿斯特丽德·伯格斯-弗瑞斯贝', '斯蒂芬·格拉汉姆', '凯斯·理查德兹', '理查德·格雷弗斯', '格雷格·埃利斯', '达米恩·奥哈尔', '奥斯卡·贾恩那达', '安东·莱瑟', '罗杰·阿拉姆', '朱迪·丹奇', '克里斯托弗·法里班克', '保罗·巴泽利', '布隆森·韦伯', '理查德·汤姆森', '松崎悠希', '罗比·凯', '斯蒂夫·艾弗茨', '伊恩·默瑟', '道比·欧帕瑞', '嘉玛·沃德', '塞巴斯蒂安·阿梅斯托', '胡安·卡洛斯·凡希多', '杰拉德·摩纳科', '卢克·罗伯茨', '丹尼尔·英格斯', '艾米莉亚·琼斯', '帕特里克·肯尼迪', 'Jody Halse', '克利福德·罗斯', 'Sanya Hughes', '达芙妮', '安托瓦内特·尼普莱拉', '德里克·梅耶斯', '金塔雷·贝尼奥拉维特', '贝恩·科拉科', '埃利奥特·克罗斯利', 'Kit Farrell', '尼可拉·芬恩', '鲍比·霍兰德·汉顿', 'Harley Jay', '杰瑞米·金', '特蕾莎·马奥尼', '让·皮埃尔·普拉茨', '克里斯滕·史蒂芬森皮诺', '哈维·沃尔什']","['动作', '奇幻', '冒险']",['美国'],['英语'],136
263,霍比特人2：史矛革之战,2014-02-21,46259,40.72935,26,8.5,356624,['彼得·杰克逊'],"['伊恩·麦克莱恩', '马丁·弗瑞曼', '理查德·阿米蒂奇', '本尼迪克特·康伯巴奇', '奥兰多·布鲁姆', '伊万杰琳·莉莉', '李·佩斯', '卢克·伊万斯', '斯蒂芬·弗雷', '肯·斯托特', '詹姆斯·内斯比特', '约翰·贝尔', '马努·贝内特', '杰德·布罗菲', '亚当·布朗', '约翰·凯伦', '瑞安·盖奇', '马克·哈德洛', '彼得·汉布尔顿', '斯蒂芬·亨特', '威廉·基尔舍', '西尔维斯特·迈可伊', '格拉汉姆·麦克泰维什', '迪恩·奥戈曼', '米卡埃尔·佩斯布兰特', '艾丹·特纳']","['动作', '奇幻', '冒险']","['美国', '新西兰']",['英语'],161
264,李茂扮太子,2022-01-01,46242,39.03564,7,4.3,143075,['高可'],"['马丽', '常远', '艾伦', '魏翔', '王成思', '杜晓宇', '陈冰', '冯秦川', '李海银', '克拉拉', '刘冠麟', '宋小宝', '于洋', '张一鸣', '黄才伦', '张子栋', '谢锐韬']","['喜剧', '古装']",['中国大陆'],['汉语普通话'],100
265,缝纫机乐队,2017-09-29,45936,32.841473,16,6.6,353595,['大鹏'],"['大鹏', '乔杉', '古力娜扎', '李鸿其', '韩童生', '曲隽希', '于谦', '岳云鹏', '王劲松', '于洋', '代乐乐', '赵英俊', '马大明', '张一鸣', '衣云鹤', '曹然然', '曹桐睿', '宋小宝', '刘小光', '文松', '宋晓峰', '周冬雨', '袁姗姗', '宋茜', '林志玲', '赵露思']","['喜剧', '音乐']",['中国大陆'],['汉语普通话'],117
266,新神榜：哪吒重生,2021-02-12,45634,43.812588,14,6.8,211521,['赵霁'],"['杨天翔', '张赫', '宣晓鸣', '李诗萌', '朱可儿', '凌振赫', '刘若班', '张遥函', '张喆', '高增志', '郭浩然']","['动作', '动画', '奇幻']",['中国大陆'],['汉语普通话'],116
267,信条,2020-09-04,45623,38.887432,10,7.6,700297,['克里斯托弗·诺兰'],"['约翰·大卫·华盛顿', '罗伯特·帕丁森', '伊丽莎白·德比茨基', '肯尼思·布拉纳', '亚伦·泰勒-约翰逊', '迪宝·卡帕蒂娅', '克蕾曼丝·波西', '希米什·帕特尔', '安德鲁·霍华德', '尤里·科洛科利尼科夫', '迈克尔·凯恩', '马丁·唐文', '卡里娜·韦尔瓦', '乔纳森·坎普', '凯蒂·麦克凯布', '贝恩·科拉科', '安东尼·莫利纳利', '特伦特·布克斯顿', '英格丽·玛格斯', '瑞奇·切劳洛', '劳里·谢泼德', '马克·克雷尼克', '亚历克斯·威克索', '丹兹尔·史密斯', '马塞尔·萨巴特']","['剧情', '动作', '科幻']","['美国', '英国']","['英语', '俄语', '乌克兰语', '爱沙尼亚语', '印地语', '挪威语']",150
268,同桌的你,2014-04-25,45557,32.738598,23,6.0,262792,['郭帆'],"['周冬雨', '林更新', '隋凯', '王啸坤', '龚格尔', '李岷城', '赵思园', '曹阳', '张子枫', '李砚', '石兆琪', '杜扬', '周浩东', '姜志刚', '张小北', '孙德元', '凯伦·阿姆斯特朗', '约翰·布埃诺', '大卫·肯尼斯·沃恩', '迈克尔·J·吉拉普', '奈津子', 'Dan van wert', 'Dan kern', '赵泽文', '冯千卉', '陈一榕']","['剧情', '爱情']",['中国大陆'],"['汉语普通话', '英语']",98
269,敢死队3,2014-09-01,45273,32.364616,23,6.9,123052,['帕特里克·休斯'],"['西尔维斯特·史泰龙', '杰森·斯坦森', '梅尔·吉布森', '哈里森·福特', '韦斯利·斯奈普斯', '安东尼奥·班德拉斯', '凯尔希·格兰莫', '杜夫·龙格尔', '泰瑞·克鲁斯', '兰迪·库卓', '维克托·奥尔蒂斯', '凯南·鲁兹', '阿诺·施瓦辛格', '李连杰', '龙达·鲁西', '伊凡·科斯塔迪诺夫']","['动作', '惊悚', '冒险']","['美国', '法国']",['英语'],126
270,晴雅集,2020-12-25,45142,37.490467,16,5.0,200771,['郭敬明'],"['赵又廷', '邓伦', '王子文', '春夏', '汪铎', '孙晨竣', '徐开骋', '欧米德', '芦展翔', '雎晓雯', '王倾', '艾米', '圣微']","['爱情', '奇幻']",['中国大陆'],['汉语普通话'],132
271,冰川时代4,2012-07-27,44741,38.10555,28,8.1,221264,"['麦克·特米尔', '史蒂夫·马蒂诺']","['阿兹·安萨里', '乔·贝哈', '克里斯托弗·坎贝尔', '阿兰·夏巴', '伊丝特尔·迪恩', '彼特·丁拉基', '奥布里·德雷克·葛莱汉姆', '杰森·弗里基奥内', '卡洛斯·沙尔丹哈', '尼克·弗罗斯特', '乔什·加德', '约翰·雷吉扎莫', '克里斯·韦奇']","['喜剧', '动画', '冒险']",['美国'],['英语'],88
272,冰川时代5：星际碰撞,2016-08-23,44659,31.57359,15,7.2,87169,"['麦克·特米尔', '加仑·T·楚']","['西蒙·佩吉', '洁茜J', '杰西·泰勒·弗格森', '克里斯·韦奇', '詹妮弗·洛佩兹', '梅丽莎·劳奇', '迈克尔·斯特拉罕', '雷·罗马诺', '约翰·雷吉扎莫', '斯蒂芬妮·比翠丝', '尼克·奥弗曼', '亚当·德维尼', '柯柯·帕尔莫', '马克思·格林菲尔德', '丹尼斯·利瑞', '卡洛斯·庞丝', '旺达·塞克丝', '尼尔·德格拉塞·泰森']","['喜剧', '动画', '冒险']",['美国'],['英语'],94
273,谍影重重5,2016-08-23,44648,33.325996,16,7.5,191598,['保罗·格林格拉斯'],"['马特·达蒙', '汤米·李·琼斯', '艾丽西亚·维坎德', '文森特·卡索', '朱丽娅·斯蒂尔斯', '里兹·阿迈德', '内芙·加切夫', '比尔·坎普', '斯科特· 谢泼德', '小田部阿基', '拉斯科·阿特金斯', '特雷弗·怀特', '奥托·艾森度', '艾米·德·毕罕']","['动作', '悬疑', '惊悚']","['美国', '中国大陆', '西班牙']","['英语', '希腊语', '德语', '日语']",123
274,灰姑娘,2015-03-13,44397,31.517685,24,7.0,222906,['肯尼思·布拉纳'],"['莉莉·詹姆斯', '理查德·麦登', '凯特·布兰切特', '海莉·阿特维尔', '海伦娜·伯翰·卡特', '荷丽黛·格兰杰', '索菲 麦希拉', '斯特兰·斯卡斯加德', '侬索·阿诺斯', '德里克·雅各比', '本·卓别林', '罗伯·布莱顿', '埃洛伊塞·韦伯', '劳里·卡尔弗特', '亚历克斯·麦奎因', '约书亚·麦圭尔', '王丽雅']","['爱情', '奇幻', '冒险']","['美国', '英国']",['英语'],106
275,反贪风暴3,2018-09-14,44300,35.903458,10,5.7,117369,['林德禄 '],"['古天乐', '张智霖', '郑嘉颖', '邓丽欣', '栢天男', '谢天华', '张继聪', '夏嫣', '蔡瀚亿', '廖启智', '谭耀文', '卢海鹏', '罗兰', '麦长青', '张松枝', '陈庭欣', '丁海峰', '冯雷', '李昕岳']","['剧情', '动作', '犯罪']",['中国香港'],"['粤语', '汉语普通话']",97
276,奔跑吧！兄弟,2015-01-30,44275,36.152008,26,3.6,60367,"['胡笳', '岑俊义']","['杨颖', '王宝强', '李晨', '陈赫', '郑恺', '王祖蓝', '谢依霖', '熊黛林', '郭京飞', '伊一', '金钟国']",['喜剧'],['中国大陆'],['汉语普通话'],88
277,星际迷航3：超越星辰,2016-09-02,44026,35.405113,14,7.5,143416,['林诣彬'],"['克里斯·派恩', '扎克瑞·昆图', '卡尔·厄本', '佐伊·索尔达娜', '西蒙·佩吉', '约翰·赵', '安东·叶利钦', '伊德里斯·艾尔巴', '索菲亚·波多拉', '乔·塔斯利姆', '莉迪亚·威尔逊', '迪普·罗伊', '梅丽莎·罗斯伯格', '安尼塔·布朗', '道格·郑', '丹尼·朴迪', '金·柯尔德', '弗雷泽·艾奇逊', '马修·麦考尔', '艾米·阿内克', '索瑞·安达斯鲁', '格雷戈·格伦伯格', '詹妮弗·千', '加洛德·约瑟夫', '杰瑞米·雷蒙德', '亚当·迪马克', 'Douglas Chapman', '丹·佩恩', '谢伊·惠格姆', '克里斯蒂安·斯隆', '普里亚·拉贾拉特南', '塔兰·凯勒姆', 'Alex Rose', '阿什丽·艾德纳', '杰夫·贝佐斯', '艾丽嘉·奥特雷恩', '埃里克·班内德', '娜塔莉·穆恩', 'Arlene Santana', '尼克·萨特里亚诺', 'Bryce Soderburg']","['动作', '科幻', '冒险']",['美国'],['英语'],122
278,峰爆,2021-09-17,43819,37.91477,8,6.3,152230,['李骏'],"['朱一龙', '黄志忠', '陈数', '焦俊艳', '成泰燊', '王戈', '卢思宇', '洪剑涛', '周晓鸥', '斌子', '孙一理', '黄超', '闫鹏', '张国立', '张译', '白客', '乔欣', '李光洁', '乔振宇', '章申', '于莎莎', '陶虹']","['剧情', '动作', '灾难']",['中国大陆'],['汉语普通话'],114
279,地心引力,2013-11-19,43549,41.292526,23,7.9,428978,['阿方索·卡隆'],"['桑德拉·布洛克', '乔治·克鲁尼', '艾德·哈里斯', '奥托·伊格内修森', '法尔杜特·夏尔马', '艾米·沃伦', '巴舍尔·萨维奇']","['科幻', '惊悚', '灾难']","['英国', '美国', '墨西哥']","['英语', '格陵兰语']",91
280,小黄人大眼萌,2015-09-13,43512,34.031704,20,7.1,135688,"['凯尔·巴尔达', '布拉德·埃布尔森', '乔纳森·德尔瓦尔']","['史蒂夫·卡瑞尔', '皮埃尔·柯芬', '艾伦·阿金', '塔拉吉·P·汉森', '杨紫琼', '朱莉·安德鲁斯', '拉塞尔·布兰德', '尚格·云顿', '杜夫·龙格尔', '丹尼·特雷霍', '露西·劳莱丝', '欧阳万成', '凯文·迈克尔·理查德森', '约翰·迪·马吉欧', '罗伯特·菲茨杰拉德·迪格斯', '迈克尔·贝亚蒂', '威尔·阿奈特', '史蒂夫·库根', '克莱特·惠特克', '雷蒙德·S·佩尔西', '凯尔·巴尔达', '鲍伯·伯根', '比务·比林格斯勒拉', '大卫·陈', '梅里·康德伦', '安东尼奥·劳尔·科尔波', '黛比·德里贝里', '斯嘉丽·艾斯特维兹', '杰克·格林', '雷蒙·汉密尔顿', '亚伦·亨德利', '山姆·拉瓦尼诺', '达恩·刘易斯', '阿玛丽·麦考伊', '内芙·沙雷尔', '詹姆士·谢', '明迪·斯特林', '弗雷德·塔特西奥', '雷吉纳·托芬', '黛布拉·威尔逊', '托尼·安塞尔莫']","['喜剧', '科幻', '动画', '犯罪', '冒险']",['美国'],"['英语', '越南语']",87
281,全球风暴,2017-10-27,43403,34.574223,13,5.9,99534,['迪安·德夫林'],"['杰拉德·巴特勒', '吉姆·斯特吉斯', '艾比·考尼什', '亚历山德拉·玛丽亚·拉娜', '吴彦祖', '欧赫尼奥·德尔维斯', '阿马尔·维克德', '阿德普波·奥杜耶', '安迪·加西亚', '艾德·哈里斯', '罗伯特·席安', '理查德·希夫', '梅尔·温宁汉姆', '莎姬·贝兹', '特丽莎·贝特曼']","['动作', '科幻', '灾难']",['美国'],"['英语', '粤语', '俄语', '印地语', '西班牙语']",109
282,古董局中局,2021-12-03,42995,38.091557,6,5.9,207429,['郭子健'],"['雷佳音', '李现', '辛芷蕾', '葛优', '郭涛', '咏梅', '王庆祥', '赵燕国彰', '杨新鸣', '阿如那', '纪焕博', '秦焰', '佐藤丽', '松峰莉璃']","['剧情', '悬疑', '冒险']","['中国大陆', '中国香港']","['汉语普通话', '粤语']",123
283,蜘蛛侠：平行宇宙,2018-12-21,42753,35.8091,13,8.6,593318,"['鲍勃·佩尔西凯蒂', '彼得·拉姆齐', '罗德尼·罗斯曼']","['沙梅克·摩尔', '杰克·约翰逊', '海莉·斯坦菲尔德', '马赫沙拉·阿里', '布莱恩·泰里·亨利', '莉莉·汤姆林', '劳伦·维勒斯', '佐伊·克罗维兹', '约翰·木兰尼', '贵美子·格伦', '尼古拉斯·凯奇', '凯瑟琳·哈恩', '列维·施瑞博尔', '克里斯·派恩', '娜塔丽·莫瑞丝', '奥斯卡·伊萨克', '格里塔·李', '斯坦·李', '乔玛·塔科内', '华金·科西奥', '蕾克·贝尔', '梅勒妮·海恩斯', '尼克·杰恩', '穆尼卜·拉赫曼', '卡洛斯·萨拉戈萨', '黛西·罗斯·布莱内斯', '里夫·霍顿', '哈里森·奈特', '莱克斯·朗', '凯特琳·麦肯纳-威尔金森', '斯科特·门维尔', '克里斯托弗·米勒', '德维卡·帕利赫', '柯特妮·佩尔顿', '克里斯蒂·法瑞斯', '杰奎琳·皮诺尔', '贾斯汀·沉卡罗', '梅利莎·斯特姆']","['动作', '科幻', '动画', '冒险']",['美国'],"['英语', '西班牙语']",116
284,血战钢锯岭,2016-12-08,42582,29.745615,19,8.7,764968,['梅尔·吉布森'],"['安德鲁·加菲尔德', '萨姆·沃辛顿', '文斯·沃恩', '雨果·维文', '卢克·布雷西', '泰莉莎·帕尔墨', '瑞切尔·格里菲斯', '内森奈尔·布佐里克', '理查德·劳斯伯格', '马特·纳夫莱', '费拉斯·迪拉尼', '瑞安·柯尔', '卢克·佩格勒']","['剧情', '传记', '历史', '战争']","['澳大利亚', '美国']","['英语', '日语']",139
285,最好的我们,2019-06-06,41755,32.306812,10,5.1,113633,['章笛沙'],"['陈飞宇', '何蓝逗', '惠英红', '陶慧敏', '汪苏泷', '董力', '蒋紫嫣', '周楚濋', '方文强', '王初伊', '高文峰', '陈帅', '秦昊', '张小厚']","['剧情', '爱情']",['中国大陆'],['汉语普通话'],110
286,007：无暇赴死,2021-10-29,41454,40.356693,7,6.6,279394,['凯瑞·福永'],"['丹尼尔·克雷格', '拉米·马雷克', '蕾雅·赛杜', '安娜·德·阿玛斯', '拉什纳·林奇', '拉尔夫·费因斯', '本·卫肖', '丽莎-朵拉·桑尼', '娜奥米·哈里斯', '罗里·金尼尔', '杰弗里·怀特', '比利·马格努森', '克里斯托弗·瓦尔兹', '大卫·丹席克', '达利·本萨拉赫', '休·丹尼斯', '普莉安卡·伯福德', '皮奥·阿马托', '贾文・普林斯', '艾米·摩根', '洛德斯·法比尔斯', '菲利普·菲尔玛', 'Raymond Waring', '可可·萨姆纳', '戈登·亚历山大', '戴维·奥拉瓦莱·阿印德', '安德鲁·G·奥格尔比', '吉安尼·卡尔切蒂', '通恰伊·古奈什', '泰·赫尔利', '拉普洛斯·卡伦福佐斯', '马里安·洛伦西克']","['动作', '惊悚', '冒险']","['英国', '美国']","['英语', '法语', '意大利语', '俄语', '西班牙语']",163
287,速度与激情6,2013-07-26,41373,33.276382,33,7.9,260877,['林诣彬'],"['范·迪塞尔', '保罗·沃克', '道恩·强森', '乔丹娜·布鲁斯特', '米歇尔·罗德里格兹', '泰瑞斯·吉布森', '姜成镐', '盖尔·加朵', '卢达·克里斯', '卢克·伊万斯', '埃尔莎·帕塔奇', '吉娜·卡拉诺', '克拉拉·佩吉特', '金·柯尔德', '乔·塔斯利姆']","['动作', '犯罪']",['美国'],"['英语', '俄语', '西班牙语', '印度尼西亚语', '丹麦语', '粤语']",130
288,京城81号,2014-07-18,41207,35.47335,30,4.8,106812,['叶伟民'],"['吴镇宇', '林心如', '杨祐宁', '秦海璐', '莫小奇', '金燕玲', '袁祥仁', '夏文汐', '李菁', '李晓川', '韩志', '张煜雯']","['剧情', '悬疑', '恐怖']",['中国大陆'],['汉语普通话'],90
289,极品飞车,2014-03-14,41154,38.31815,22,7.3,91446,['斯科特·沃'],"['亚伦·保尔', '达科塔·约翰逊', '伊莫琴·普茨', '迈克尔·基顿', '多米尼克·库珀', '拉米·马雷克', '瑟·梅杰尔', '卡迪小子', '哈里森·吉尔伯特森', '尼克·齐兰德', '卡梅拉·孙巴多', '拉蒙·罗德里格兹', '史蒂文·韦格', '利比·布兰顿', '贾登·亚历山大']","['剧情', '动作', '惊悚', '犯罪']","['美国', '菲律宾', '爱尔兰', '英国']",['英语'],130
290,百团大战,2015-08-28,40972,40.827988,37,8.0,510165,['木头'],"['山新', '郝祥海', '刘明月', '曹云图', '叮当', '图特哈蒙', '杨凝', '陈思宇', '李璐', '邢凯新', '李铫', '高枫', '沈念如', '瞳音', '李兰陵', '林帽帽', '叶知秋', '张恩泽', '闫夜桥', '李轻扬', '赵小双', '艾索', '木头']","['动作', '动画', '奇幻']",['中国大陆'],['汉语普通话'],101
291,星际特工：千星之城,2017-08-25,40959,35.13011,15,6.9,181292,['吕克·贝松'],"['戴恩·德哈恩', '卡拉·迪瓦伊', '克里夫·欧文', '蕾哈娜', '伊桑·霍克', '赫比·汉考克', '吴亦凡', '萨姆·斯普卢尔 ', '阿兰·夏巴', '鲁格·豪尔', '泽维尔·吉亚诺利', '约翰·古德曼', '山姆·道格拉斯', '萨莎·露丝']","['动作', '科幻', '冒险']","['法国', '中国大陆', '比利时', '德国', '阿联酋', '美国', '加拿大', '新西兰', '新加坡', '英国', '泰国']","['英语', '法语']",137
292,X战警：黑凤凰,2019-06-06,40924,36.725716,11,5.7,236712,['西蒙·金伯格'],"['苏菲·特纳', '詹姆斯·麦卡沃伊', '迈克尔·法斯宾德', '詹妮弗·劳伦斯', '尼古拉斯·霍尔特', '泰伊·谢里丹', '亚历山德拉·希普', '埃文·彼得斯', '柯蒂·斯密特-麦菲', '杰西卡·查斯坦', '斯科特· 谢泼德', '奥托·艾森度', '布莱恩·达西·詹姆斯', '豪斯顿·塞奇', '拉马尔·约翰逊', '莎莫·芳塔娜', '汉娜·艾米莉·安德森', '乔什·麦克拉伦', 'Todd Hallowell', '凯伦·伊万尼', 'Daniel Rindress-Kay', '拉斐尔·格罗斯-哈维', '朱利安·拜利', '塞巴斯蒂安·麦克莱恩', '毛里齐奥·泰拉扎诺', '西蒙·阿兰', '克里斯·克雷蒙', '唐尼·法尔塞蒂', '布拉迪·艾伦', '安德鲁·斯特林', '科塔·埃伯哈特', '泰勒·艾略特·伯克', '弗兰克·方丹', '艾伦·沙努安', '亚历山大·贝朗格', '奥利维耶·拉玛舒', '沙维尔·索特洛']","['动作', '科幻', '冒险']","['美国', '加拿大']","['英语', '法语']",114
